"Designator","Value","Footprint","Qty","Manufacturer","MPN","DNP","Sheet"
"C458","0.47u L INP AC-ground reference","Capacitor_SMD:C_0805_2012Metric","1","Murata","GRM21BR71H474KA01","",""
"C457","0.47u L input coupling to LEFTINM","Capacitor_SMD:C_0805_2012Metric","1","Murata","GRM21BR71H474KA01","",""
"C460","0.47u R INP AC-ground reference","Capacitor_SMD:C_0805_2012Metric","1","Murata","GRM21BR71H474KA01","",""
"C459","0.47u R input coupling to RIGHTINM","Capacitor_SMD:C_0805_2012Metric","1","Murata","GRM21BR71H474KA01","",""
"R176,R47","0R / PERST isolation","Resistor_SMD:R_0603_1608Metric","2","Yageo","RC0603FR-070RL","",""
"R177,R48","0R / REFCLK+ isolation","Resistor_SMD:R_0603_1608Metric","2","Yageo","RC0603FR-070RL","",""
"R178,R49","0R / REFCLK- isolation","Resistor_SMD:R_0603_1608Metric","2","Yageo","RC0603FR-070RL","",""
"R386","0R DNP DO-NOT-FIT keyboard 5V protection bypass","Resistor_SMD:R_0603_1608Metric","1","","","DNP",""
"R167","0R DNP HDMI bias always-on option","Resistor_SMD:R_0402_1005Metric","1","","","DNP",""
"R387","0R DNP keyboard 3V3 option","Resistor_SMD:R_0603_1608Metric","1","","","DNP",""
"R758","0R EXTVCC selects internal LDO","Resistor_SMD:R_0603_1608Metric","1","Yageo","RC0603FR-070RL","",""
"R37","0R HSE drive/tuning position","Resistor_SMD:R_0603_1608Metric","1","Yageo","RC0603FR-070RL","",""
"R757","0R MODE forced-PWM","Resistor_SMD:R_0603_1608Metric","1","Yageo","RC0603FR-070RL","",""
"R189","0R P1 not-used tie to VSS","Resistor_SMD:R_0603_1608Metric","1","Yageo","RC0603FR-070RL","",""
"R917","0R VTref sense link","Resistor_SMD:R_0402_1005Metric","1","Yageo","RC0402FR-070RL","",""
"R34","0R VTref sense link","Resistor_SMD:R_0603_1608Metric","1","Yageo","RC0603FR-070RL","",""
"R417","0R physical internal-host VBUS-valid link","Resistor_SMD:R_0603_1608Metric","1","Yageo","RC0603JR-070RL","",""
"R2017,R2057","0R protector FLT wired-OR link","Resistor_SMD:R_0603_1608Metric","2","Yageo","RC0603FR-070RL","",""
"R2140,R2143","1.00M 0.1% 15V UV top","Resistor_SMD:R_0603_1608Metric","2","Yageo","RT0603BRD071ML","",""
"R730","1.00M 0.1% USB UV top","Resistor_SMD:R_0603_1608Metric","1","Yageo","RT0603BRD071ML","",""
"R433","1.00k 1% microphone gain leg","Resistor_SMD:R_0603_1608Metric","1","Yageo","RC0603FR-071KL","",""
"L1","1.0uH 20% 28A Isat BQ25798 1.5MHz","Inductor_SMD:L_Coilcraft_XAL7030-102","1","Coilcraft","XAL7030-102MEC","",""
"F900","1.1A hold PPTC Littelfuse 1206L110/16WR","Fuse:Fuse_1206_3216Metric","1","Littelfuse","1206L110/16WR","",""
"C453","1.2n C0G feedback low-pass","Capacitor_SMD:C_0603_1608Metric","1","Murata","GRM1885C1H122JA01","",""
"F400","1.5A hold resettable PTC; Littelfuse 1812L150/16DR","Fuse:Fuse_1812_4532Metric","1","Littelfuse","1812L150/16DR","",""
"R412","1.5k USB D+ pull-up per TI Figure 38","Resistor_SMD:R_0603_1608Metric","1","Yageo","RC0603FR-071K5L","",""
"R2301","1.65k 0.1% radio eFuse ILM about 2.0A","Resistor_SMD:R_0603_1608Metric","1","Yageo","RT0603BRD071K65L","",""
"R160,R161","1.8k HDMI DDC pull-up","Resistor_SMD:R_0402_1005Metric","2","Yageo","RC0402FR-071K8L","",""
"R1713","10.0k 0.1% USB5 FB bottom","Resistor_SMD:R_0603_1608Metric","1","Yageo","RT0603BRD0710KL","",""
"R778","10.0k 1% VBUS sense bottom divider","Resistor_SMD:R_0603_1608Metric","1","Yageo","RC0603FR-0710KL","",""
"R18","10.5k 1% PROG: 3S, 1.5MHz","Resistor_SMD:R_0603_1608Metric","1","Yageo","RC0603FR-0710K5L","",""
"R182","100R BAT filter","Resistor_SMD:R_0603_1608Metric","1","Yageo","RC0603FR-07100RL","",""
"R704","100R BATP Kelvin filter","Resistor_SMD:R_0603_1608Metric","1","Yageo","RC0603FR-07100RL","",""
"R846","100R BQ77915 SRN filter","Resistor_SMD:R_0603_1608Metric","1","Yageo","RC0603FR-07100RL","",""
"R845","100R BQ77915 SRP filter","Resistor_SMD:R_0603_1608Metric","1","Yageo","RC0603FR-07100RL","",""
"R420","100R L DAC out-of-band filter","Resistor_SMD:R_0603_1608Metric","1","Yageo","RC0603FR-07100RL","",""
"R421","100R R DAC out-of-band filter","Resistor_SMD:R_0603_1608Metric","1","Yageo","RC0603FR-07100RL","",""
"R184","100R SRN filter","Resistor_SMD:R_0603_1608Metric","1","Yageo","RC0603FR-07100RL","",""
"R183","100R SRP filter","Resistor_SMD:R_0603_1608Metric","1","Yageo","RC0603FR-07100RL","",""
"R919","100R SWCLK series","Resistor_SMD:R_0402_1005Metric","1","Yageo","RC0402FR-07100RL","",""
"R918","100R SWDIO series","Resistor_SMD:R_0402_1005Metric","1","Yageo","RC0402FR-07100RL","",""
"R207","100R fan PWM gate series","Resistor_SMD:R_0603_1608Metric","1","Yageo","RC0603FR-07100RL","",""
"R384","100R keyboard I2C SCL series","Resistor_SMD:R_0603_1608Metric","1","Yageo","RC0603FR-07100RL","",""
"R385","100R keyboard I2C SDA series","Resistor_SMD:R_0603_1608Metric","1","Yageo","RC0603FR-07100RL","",""
"R375","100R keyboard RGB data series","Resistor_SMD:R_0603_1608Metric","1","Yageo","RC0603FR-07100RL","",""
"R190","100k 0.1% ILIM bottom","Resistor_SMD:R_0603_1608Metric","1","Yageo","RT0603BRD07100KL","",""
"R35","100k 1% (3.3V FB hi)","Resistor_SMD:R_0603_1608Metric","1","Yageo","RC0603FR-07100KL","",""
"R1742,R1762,R1782","100k 1% TPS25810 REF","Resistor_SMD:R_0603_1608Metric","3","Yageo","RC0603FR-07100KL","",""
"R787","100k 1% TPS56637 EN high (host-active gate)","Resistor_SMD:R_0603_1608Metric","1","Yageo","RC0603FR-07100KL","",""
"R42,R770","100k 1% TPS56637 EN high (host-active gate)","Resistor_SMD:R_0603_1608Metric","2","Yageo","RC0603FR-07169KL","",""
"R788","100k 1% TPS56637 EN low","Resistor_SMD:R_0603_1608Metric","1","Yageo","RC0603FR-07100KL","",""
"R45,R771","100k 1% TPS56637 EN low","Resistor_SMD:R_0603_1608Metric","2","Yageo","RC0603FR-0736K1L","",""
"R920","100k 1% TPS62821 feedback low","Resistor_SMD:R_0603_1608Metric","1","Yageo","RC0603FR-07100KL","",""
"R1706","100k 1% core FB bottom","Resistor_SMD:R_0603_1608Metric","1","Yageo","RC0603FR-07100KL","",""
"R199","100k Bluetooth disable default asserted","Resistor_SMD:R_0603_1608Metric","1","Yageo","RC0603FR-07100KL","",""
"R763","100k CC pull-up","Resistor_SMD:R_0603_1608Metric","1","Yageo","RC0603FR-07100KL","",""
"R404","100k CFG_SEL0 strap low","Resistor_SMD:R_0603_1608Metric","1","Yageo","RC0603FR-07100KL","",""
"R405","100k CFG_SEL1 strap low","Resistor_SMD:R_0603_1608Metric","1","Yageo","RC0603FR-07100KL","",""
"R2018,R2058","100k DFP-role input default-low","Resistor_SMD:R_0603_1608Metric","2","Yageo","RC0603FR-07100KL","",""
"R415","100k EC enable fail-safe pull-down","Resistor_SMD:R_0603_1608Metric","1","Yageo","RC0603FR-07100KL","",""
"R2326","100k GNSS EXTINT default low while daughterboard absent","Resistor_SMD:R_0603_1608Metric","1","Yageo","RC0603FR-07100KL","",""
"R2325","100k GNSS PPS default low while daughterboard absent","Resistor_SMD:R_0603_1608Metric","1","Yageo","RC0603FR-07100KL","",""
"R2318","100k GNSS RX idle-high while absent","Resistor_SMD:R_0603_1608Metric","1","Yageo","RC0603FR-07100KL","",""
"R2324","100k GNSS TX default low while daughterboard absent","Resistor_SMD:R_0603_1608Metric","1","Yageo","RC0603FR-07100KL","",""
"R2319","100k GNSS reset released while absent","Resistor_SMD:R_0603_1608Metric","1","Yageo","RC0603FR-07100KL","",""
"R169","100k HDMI switched 3V3 discharge","Resistor_SMD:R_0402_1005Metric","1","Yageo","RC0402FR-07100KL","",""
"R168","100k HDMI switched 5V discharge","Resistor_SMD:R_0402_1005Metric","1","Yageo","RC0402FR-07100KL","",""
"R164","100k HPD input pull-down","Resistor_SMD:R_0402_1005Metric","1","Yageo","RC0402FR-07100KL","",""
"R782","100k HP_DETECT pull-up","Resistor_SMD:R_0603_1608Metric","1","Yageo","RC0603FR-07100KL","",""
"R767","100k MU_12V_ENABLE reset pulldown","Resistor_SMD:R_0603_1608Metric","1","Yageo","RC0603FR-07100KL","",""
"R769","100k MU_HOST_ACTIVE fail-low","Resistor_SMD:R_0603_1608Metric","1","Yageo","RC0603FR-07100KL","",""
"R784","100k MU_SIO_UART_RX idle pull-up","Resistor_SMD:R_0603_1608Metric","1","Yageo","RC0603FR-07100KL","",""
"R779","100k MU_SIO_UART_TX idle pull-up","Resistor_SMD:R_0603_1608Metric","1","Yageo","RC0603FR-07100KL","",""
"R402","100k NON_REM1 strap low","Resistor_SMD:R_0603_1608Metric","1","Yageo","RC0603FR-07100KL","",""
"R789","100k PCIE_3V3_PG pull-up","Resistor_SMD:R_0603_1608Metric","1","Yageo","RC0603FR-07100KL","",""
"R776","100k PCIe endpoint rail fail-low","Resistor_SMD:R_0603_1608Metric","1","Yageo","RC0603FR-07100KL","",""
"R762","100k PG pull-up","Resistor_SMD:R_0603_1608Metric","1","Yageo","RC0603FR-07100KL","",""
"R13","100k QON-control gate pulldown","Resistor_SMD:R_0603_1608Metric","1","Yageo","RC0603FR-07100KL","",""
"R903","100k RP2350 SMPS power-save pull-down","Resistor_SMD:R_0402_1005Metric","1","Yageo","RC0402FR-07100KL","",""
"R783","100k SLS_S3 default-low pull-down","Resistor_SMD:R_0603_1608Metric","1","Yageo","RC0603FR-07100KL","",""
"R416","100k SSPND fail-safe pull-down","Resistor_SMD:R_0603_1608Metric","1","Yageo","RC0603FR-07100KL","",""
"R772","100k SYS_3V3 PG pull-up","Resistor_SMD:R_0603_1608Metric","1","Yageo","RC0603FR-07100KL","",""
"R46","100k SYS_5V PG pull-up","Resistor_SMD:R_0603_1608Metric","1","Yageo","RC0603FR-07100KL","",""
"R2321","100k UHF RX default low while daughterboard absent","Resistor_SMD:R_0603_1608Metric","1","Yageo","RC0603FR-07100KL","",""
"R2323","100k UHF SQL default low while daughterboard absent","Resistor_SMD:R_0603_1608Metric","1","Yageo","RC0603FR-07100KL","",""
"R2317","100k UHF UART idle-high while absent","Resistor_SMD:R_0603_1608Metric","1","Yageo","RC0603FR-07100KL","",""
"R2315","100k UHF internal antenna","Resistor_SMD:R_0603_1608Metric","1","Yageo","RC0603FR-07100KL","",""
"R2307","100k USB switch disable pull-up","Resistor_SMD:R_0603_1608Metric","1","Yageo","RC0603FR-07100KL","",""
"R2016,R2056","100k USB2 switch default-disable pull-up","Resistor_SMD:R_0603_1608Metric","2","Yageo","RC0603FR-07100KL","",""
"R1714","100k USB5 PG pull-up","Resistor_SMD:R_0603_1608Metric","1","Yageo","RC0603FR-07100KL","",""
"R2320","100k VHF RX default low while daughterboard absent","Resistor_SMD:R_0603_1608Metric","1","Yageo","RC0603FR-07100KL","",""
"R2322","100k VHF SQL default low while daughterboard absent","Resistor_SMD:R_0603_1608Metric","1","Yageo","RC0603FR-07100KL","",""
"R2316","100k VHF UART idle-high while absent","Resistor_SMD:R_0603_1608Metric","1","Yageo","RC0603FR-07100KL","",""
"R2314","100k VHF internal antenna","Resistor_SMD:R_0603_1608Metric","1","Yageo","RC0603FR-07100KL","",""
"R198","100k WLAN disable default asserted","Resistor_SMD:R_0603_1608Metric","1","Yageo","RC0603FR-07100KL","",""
"R166","100k bias-gate default off","Resistor_SMD:R_0402_1005Metric","1","Yageo","RC0402FR-07100KL","",""
"R719","100k charger-enable gate pulldown","Resistor_SMD:R_0603_1608Metric","1","Yageo","RC0603FR-07100KL","",""
"R1707","100k core PG pull-up","Resistor_SMD:R_0603_1608Metric","1","Yageo","RC0603FR-07100KL","",""
"R2014,R2054","100k data-attach input default-low","Resistor_SMD:R_0603_1608Metric","2","Yageo","RC0603FR-07100KL","",""
"R766","100k fail-off gate divider high","Resistor_SMD:R_0603_1608Metric","1","Yageo","RC0603FR-07100KL","",""
"R761","100k fail-off gate divider low","Resistor_SMD:R_0603_1608Metric","1","Yageo","RC0603FR-07100KL","",""
"R208","100k gate pull-down; fan defaults full speed","Resistor_SMD:R_0603_1608Metric","1","Yageo","RC0603FR-07100KL","",""
"R391","100k keyboard RGB data default-low","Resistor_SMD:R_0603_1608Metric","1","Yageo","RC0603FR-07100KL","",""
"R389","100k keyboard RGB enable default-off","Resistor_SMD:R_0603_1608Metric","1","Yageo","RC0603FR-07100KL","",""
"R923","100k maker header rails default-off","Resistor_SMD:R_0603_1608Metric","1","Yageo","RC0603FR-07100KL","",""
"R911","100k maker host-disconnected pull-up","Resistor_SMD:R_0402_1005Metric","1","Yageo","RC0402FR-07100KL","",""
"R434","100k microphone enable fail-off pull-down","Resistor_SMD:R_0603_1608Metric","1","Yageo","RC0603FR-07100KL","",""
"R2013,R2053","100k mux FLIP input default-low","Resistor_SMD:R_0603_1608Metric","2","Yageo","RC0603FR-07100KL","",""
"R707","100k pack protector SHDN pull-up","Resistor_SMD:R_0603_1608Metric","1","Yageo","RC0603FR-07100KL","",""
"R709","100k pack retry gate pulldown","Resistor_SMD:R_0603_1608Metric","1","Yageo","RC0603FR-07100KL","",""
"R2300","100k radio eFuse enable pulldown","Resistor_SMD:R_0603_1608Metric","1","Yageo","RC0603FR-07100KL","",""
"R172","100k service mux reset-request pull-up","Resistor_SMD:R_0603_1608Metric","1","Yageo","RC0603FR-07100KL","",""
"R1720,R1721,R1722,R1723","100k unused SPI pull-down","Resistor_SMD:R_0603_1608Metric","4","Yageo","RC0603FR-07100KL","",""
"C20,C21,C22,C23,C24,C25,C31","100n","Capacitor_SMD:C_0603_1608Metric","7","Murata","GRM188R71H104KA93D","",""
"C38","100n (BOOT cap)","Capacitor_SMD:C_0603_1608Metric","1","Murata","GRM188R71H104KA93D","",""
"C27","100n (VBAT)","Capacitor_SMD:C_0603_1608Metric","1","Murata","GRM188R71H104KA93D","",""
"C2000,C2040","100n 100V TPD4S201 VBIAS","Capacitor_SMD:C_0805_2012Metric","2","Murata","GRM21BR72A104KA01L","",""
"C740","100n 10V INTVCC","Capacitor_SMD:C_0603_1608Metric","1","Murata","GRM188R71A104KA61D","",""
"C162","100n 10V X7R HDMI 5V switch input HF","Capacitor_SMD:C_0402_1005Metric","1","Murata","GRM155R71A104KA01D","",""
"C163","100n 10V X7R HDMI 5V switch output HF","Capacitor_SMD:C_0402_1005Metric","1","Murata","GRM155R71A104KA01D","",""
"C586,C587,C66,C67","100n 10V X7R Mu USB3 TX AC","Capacitor_SMD:C_0402_1005Metric","4","Murata","GRM155R71A104KA01D","",""
"C150,C151,C152,C153,C154,C155,C156,C157","100n 16V HDMI AC coupling","Capacitor_SMD:C_0402_1005Metric","8","Murata","GRM155R71C104KA88D","",""
"C927","100n 16V X7R 3V3 header output","Capacitor_SMD:C_0603_1608Metric","1","TDK","C1608X7R1C104K080AA","",""
"C926","100n 16V X7R 3V3 switch input","Capacitor_SMD:C_0603_1608Metric","1","TDK","C1608X7R1C104K080AA","",""
"C925","100n 16V X7R 5V header output","Capacitor_SMD:C_0603_1608Metric","1","TDK","C1608X7R1C104K080AA","",""
"C924","100n 16V X7R 5V switch input","Capacitor_SMD:C_0603_1608Metric","1","TDK","C1608X7R1C104K080AA","",""
"C43,C47,C779","100n 16V X7R TPS56637 BOOT","Capacitor_SMD:C_0603_1608Metric","3","TDK","C1608X7R1C104K080AA","",""
"C504,C505,C506,C507,C508,C509,C510,C511","100n 16V X7R local decoupling","Capacitor_SMD:C_0402_1005Metric","8","Murata","GRM155R71C104KA88D","",""
"C513","100n 16V X7R magnetics center-tap bypass","Capacitor_SMD:C_0402_1005Metric","1","Murata","GRM155R71C104KA88D","",""
"C206","100n 25V X7R fan local","Capacitor_SMD:C_0603_1608Metric","1","Murata","GRM188R71E104KA01D","",""
"C796","100n 50V AON eFuse input local","Capacitor_SMD:C_0603_1608Metric","1","Murata","GRM188R71H104KA93D","",""
"C798","100n 50V AON eFuse output local","Capacitor_SMD:C_0603_1608Metric","1","Murata","GRM188R71H104KA93D","",""
"C744","100n 50V AUX V2 local","Capacitor_SMD:C_0603_1608Metric","1","Murata","GRM188R71H104KA93D","",""
"C745","100n 50V AUX VS2 local","Capacitor_SMD:C_0603_1608Metric","1","Murata","GRM188R71H104KA93D","",""
"C2029,C2069","100n 50V PPHV local","Capacitor_SMD:C_0603_1608Metric","2","Murata","GRM188R71H104KA93D","",""
"C742","100n 50V USB V1 local","Capacitor_SMD:C_0603_1608Metric","1","Murata","GRM188R71H104KA93D","",""
"C743","100n 50V USB VS1 local","Capacitor_SMD:C_0603_1608Metric","1","Murata","GRM188R71H104KA93D","",""
"C1713","100n 50V USB5 input HF","Capacitor_SMD:C_0603_1608Metric","1","Murata","GRM188R71H104KA93D","",""
"C721","100n 50V X7R AUX eFuse local","Capacitor_SMD:C_0603_1608Metric","1","Murata","GRM188R71H104KA93D","",""
"C711","100n 50V X7R BAT local","Capacitor_SMD:C_0603_1608Metric","1","Murata","GRM188R71H104KA93D","",""
"C10","100n 50V X7R PMID local","Capacitor_SMD:C_0603_1608Metric","1","Murata","GRM188R71H104KA93D","",""
"C11","100n 50V X7R SYS local","Capacitor_SMD:C_0603_1608Metric","1","Murata","GRM188R71H104KA93D","",""
"C42,C778,C791","100n 50V X7R TPS56637 VIN HF","Capacitor_SMD:C_0603_1608Metric","3","Murata","GRM188R71H104KA93D","",""
"C12","100n 50V X7R VBUS local","Capacitor_SMD:C_0603_1608Metric","1","Murata","GRM188R71H104KA93D","",""
"C37","100n 50V X7R VIN HF","Capacitor_SMD:C_0603_1608Metric","1","Murata","GRM188R71H104KA93D","",""
"C754,C755","100n 50V X7R input HF","Capacitor_SMD:C_0402_1005Metric","2","Murata","GRM155R71H104ME14D","",""
"C756,C757","100n 50V X7R output HF","Capacitor_SMD:C_0402_1005Metric","2","Murata","GRM155R71H104ME14D","",""
"C765,C766","100n 50V X8L bootstrap","Capacitor_SMD:C_0603_1608Metric","2","Murata","GCM188L81H104KA57D","",""
"C2080,C2090","100n 50V eFuse input local","Capacitor_SMD:C_0603_1608Metric","2","Murata","GRM188R71H104KA93D","",""
"C2142,C2143,C2144,C2145","100n 50V selector local","Capacitor_SMD:C_0603_1608Metric","4","Murata","GRM188R71H104KA93D","",""
"C922","100n ADC_VREF filter","Capacitor_SMD:C_0402_1005Metric","1","Murata","GRM155R71A104KA01D","",""
"C428","100n AND-gate local","Capacitor_SMD:C_0603_1608Metric","1","Murata","GRM188R71H104KA93D","",""
"C400","100n AUDIO_5V high-frequency bypass","Capacitor_SMD:C_0603_1608Metric","1","Murata","GRM188R71H104KA93D","",""
"C192","100n AUX ADC filter","Capacitor_SMD:C_0603_1608Metric","1","Murata","GRM188R71H104KA93D","",""
"C723","100n AUX eFuse dVdT approx 50ms at 24V","Capacitor_SMD:C_0603_1608Metric","1","Murata","GRM188R71H104KA93D","",""
"C180","100n BAT filter","Capacitor_SMD:C_0603_1608Metric","1","Murata","GRM188R71H104KA93D","",""
"C847","100n BQ77915 SRN-VSS filter","Capacitor_SMD:C_0603_1608Metric","1","Murata","GRM188R71H104KA93D","",""
"C845","100n BQ77915 SRP-VSS filter","Capacitor_SMD:C_0603_1608Metric","1","Murata","GRM188R71H104KA93D","",""
"C846","100n BQ77915 differential sense filter","Capacitor_SMD:C_0603_1608Metric","1","Murata","GRM188R71H104KA93D","",""
"C1852","100n C0G USB3-A SSTX+ series AC","Capacitor_SMD:C_0402_1005Metric","1","Murata","GRM1555C1H101JA01D","",""
"C1853","100n C0G USB3-A SSTX- series AC","Capacitor_SMD:C_0402_1005Metric","1","Murata","GRM1555C1H101JA01D","",""
"C412","100n CRFILT low-ESR","Capacitor_SMD:C_0603_1608Metric","1","Murata","GRM188R71H104KA93D","",""
"C318","100n DNP keyboard 3V3 reserve","Capacitor_SMD:C_0603_1608Metric","1","","","DNP",""
"C914","100n DVDD A","Capacitor_SMD:C_0402_1005Metric","1","Murata","GRM155R71A104KA01D","",""
"C915","100n DVDD B","Capacitor_SMD:C_0402_1005Metric","1","Murata","GRM155R71A104KA01D","",""
"C916","100n DVDD C","Capacitor_SMD:C_0402_1005Metric","1","Murata","GRM155R71A104KA01D","",""
"C187","100n E-key control-isolator local","Capacitor_SMD:C_0603_1608Metric","1","Murata","GRM188R71H104KA93D","",""
"C208","100n EC USB switch local","Capacitor_SMD:C_0603_1608Metric","1","Murata","GRM188R71H104KA93D","",""
"C2002,C2042","100n EEPROM local","Capacitor_SMD:C_0603_1608Metric","2","Murata","GRM188R71H104KA93D","",""
"C161","100n HPD buffer local","Capacitor_SMD:C_0402_1005Metric","1","Murata","GRM155R71A104KA01D","",""
"C207","100n Mu thermal ADC filter","Capacitor_SMD:C_0603_1608Metric","1","Murata","GRM188R71H104KA93D","",""
"C837","100n NVMe socket local HF","Capacitor_SMD:C_0603_1608Metric","1","Murata","GRM188R71A104KA01D","",""
"C175","100n OLED A local","Capacitor_SMD:C_0603_1608Metric","1","Murata","GRM188R71H104KA93D","",""
"C179","100n OLED B local","Capacitor_SMD:C_0603_1608Metric","1","Murata","GRM188R71H104KA93D","",""
"C185","100n OLED mux local","Capacitor_SMD:C_0603_1608Metric","1","Murata","GRM188R71H104KA93D","",""
"C835","100n PCIe endpoint rail HF","Capacitor_SMD:C_0603_1608Metric","1","Murata","GRM188R71A104KA01D","",""
"C413","100n PLLFILT low-ESR","Capacitor_SMD:C_0603_1608Metric","1","Murata","GRM188R71H104KA93D","",""
"C2304","100n RADIO_DB_5V output HF","Capacitor_SMD:C_0603_1608Metric","1","Murata","GRM188R71H104KA93D","",""
"C182","100n REGIN/VCC","Capacitor_SMD:C_0603_1608Metric","1","Murata","GRM188R71H104KA93D","",""
"C904,C905,C906,C907,C908,C909,C910","100n RP2350 3V3 local","Capacitor_SMD:C_0402_1005Metric","7","Murata","GRM155R71A104KA01D","",""
"C2302","100n SYS_5V radio eFuse input HF","Capacitor_SMD:C_0603_1608Metric","1","Murata","GRM188R71H104KA93D","",""
"C452","100n TLV9061 local bypass","Capacitor_SMD:C_0603_1608Metric","1","Murata","GRM188R71H104KA93D","",""
"C280","100n TPS2553 input bypass","Capacitor_SMD:C_0603_1608Metric","1","Murata","GRM188R71E104KA01D","",""
"C1744,C1764,C1784","100n TPS25810 AUX","Capacitor_SMD:C_0603_1608Metric","3","Murata","GRM188R71H104KA93D","",""
"C1741,C1761,C1781","100n TPS25810 IN HF","Capacitor_SMD:C_0603_1608Metric","3","Murata","GRM188R71H104KA93D","",""
"C831","100n TPS3897 VCC bypass","Capacitor_SMD:C_0603_1608Metric","1","Murata","GRM188R71A104KA01D","",""
"C2005,C2006,C2007,C2008,C2045,C2046,C2047,C2048","100n TUSB1142 VCC local","Capacitor_SMD:C_0603_1608Metric","8","Murata","GRM188R71H104KA93D","",""
"C1720,C1721,C1722,C1723,C1724,C1725,C1726,C1727,C1728,C1729","100n USB 3.2 TX AC coupling","Capacitor_SMD:C_0402_1005Metric","10","Murata","GRM155R71C104KA88D","",""
"C2306","100n USB switch local","Capacitor_SMD:C_0603_1608Metric","1","Murata","GRM188R71H104KA93D","",""
"C2030,C2070","100n USB2 switch local","Capacitor_SMD:C_0603_1608Metric","2","Murata","GRM188R71H104KA93D","",""
"C1855","100n USB2-A VBUS HF","Capacitor_SMD:C_0603_1608Metric","1","Murata","GRM188R71H104KA93D","",""
"C1851","100n USB3-A VBUS HF","Capacitor_SMD:C_0603_1608Metric","1","Murata","GRM188R71H104KA93D","",""
"C1710","100n USB5 bootstrap","Capacitor_SMD:C_0603_1608Metric","1","Murata","GRM188R71H104KA93D","",""
"C1820,C1821,C1822,C1823,C1824,C1825,C1826,C1827,C1828","100n USB7206C VCORE local","Capacitor_SMD:C_0603_1608Metric","9","Murata","GRM188R71H104KA93D","",""
"C1810,C1811,C1812,C1813,C1814,C1815,C1816,C1817","100n USB7206C VDD33 local","Capacitor_SMD:C_0603_1608Metric","8","Murata","GRM188R71H104KA93D","",""
"C773","100n UVLO noise filter","Capacitor_SMD:C_0603_1608Metric","1","Murata","GRM188R71H104KA93D","",""
"C465","100n VDD high-frequency bypass","Capacitor_SMD:C_0603_1608Metric","1","Murata","GRM188R71H104KA93D","",""
"C409","100n VDD33 pin 15","Capacitor_SMD:C_0603_1608Metric","1","Murata","GRM188R71H104KA93D","",""
"C410","100n VDD33 pin 23","Capacitor_SMD:C_0603_1608Metric","1","Murata","GRM188R71H104KA93D","",""
"C406","100n VDDA33 pin 10","Capacitor_SMD:C_0603_1608Metric","1","Murata","GRM188R71H104KA93D","",""
"C407","100n VDDA33 pin 29","Capacitor_SMD:C_0603_1608Metric","1","Murata","GRM188R71H104KA93D","",""
"C408","100n VDDA33 pin 36","Capacitor_SMD:C_0603_1608Metric","1","Murata","GRM188R71H104KA93D","",""
"C405","100n VDDA33 pin 5","Capacitor_SMD:C_0603_1608Metric","1","Murata","GRM188R71H104KA93D","",""
"C440","100n amplifier supply at AVDD/PVDD","Capacitor_SMD:C_0603_1608Metric","1","Murata","GRM188R71H104KA93D","",""
"C1740,C1760,C1780","100n branch input","Capacitor_SMD:C_0603_1608Metric","3","Murata","GRM188R71H104KA93D","",""
"C1707","100n core input HF","Capacitor_SMD:C_0603_1608Metric","1","Murata","GRM188R71H104KA93D","",""
"C770","100n differential current-sense filter","Capacitor_SMD:C_0603_1608Metric","1","Murata","GRM188R71H104KA93D","",""
"C903","100n flash local","Capacitor_SMD:C_0402_1005Metric","1","Murata","GRM155R71A104KA01D","",""
"C1717","100n hub reset-gate bypass","Capacitor_SMD:C_0603_1608Metric","1","Murata","GRM188R71H104KA93D","",""
"C324","100n keyboard RGB buffer local","Capacitor_SMD:C_0603_1608Metric","1","Murata","GRM188R71H104KA93D","",""
"C322","100n keyboard RGB switch input","Capacitor_SMD:C_0603_1608Metric","1","Murata","GRM188R71H104KA93D","",""
"C323","100n keyboard RGB switch output","Capacitor_SMD:C_0603_1608Metric","1","Murata","GRM188R71H104KA93D","",""
"C928","100n maker USB switch local","Capacitor_SMD:C_0603_1608Metric","1","Murata","GRM188R71H104KA93D","",""
"C930,C931,C932,C933","100n maker header isolator local","Capacitor_SMD:C_0603_1608Metric","4","Murata","GRM188R71H104KA93D","",""
"C934","100n maker header supervisor local","Capacitor_SMD:C_0603_1608Metric","1","Murata","GRM188R71H104KA93D","",""
"C450","100n microphone VDD at pin 3","Capacitor_SMD:C_0603_1608Metric","1","Murata","GRM188R71H104KA93D","",""
"C1745,C1746,C1747,C1765,C1766,C1767,C1785,C1786,C1787","100n mux VDD","Capacitor_SMD:C_0603_1608Metric","9","Murata","GRM188R71H104KA93D","",""
"C2003,C2043","100n mux-control buffer local","Capacitor_SMD:C_0603_1608Metric","2","Murata","GRM188R71H104KA93D","",""
"C1716","100n oscillator bypass","Capacitor_SMD:C_0603_1608Metric","1","Murata","GRM188R71H104KA93D","",""
"C793","100n qualified host-active gate local","Capacitor_SMD:C_0603_1608Metric","1","Murata","GRM188R71H104KA93D","",""
"C2305","100n radio PG buffer local","Capacitor_SMD:C_0603_1608Metric","1","Murata","GRM188R71H104KA93D","",""
"C171","100n radio bypass","Capacitor_SMD:C_0603_1608Metric","1","Murata","GRM188R71H104KA93D","",""
"C416","100n reset supervisor local","Capacitor_SMD:C_0603_1608Metric","1","Murata","GRM188R71H104KA93D","",""
"C2140","100n selector INTVCC","Capacitor_SMD:C_0603_1608Metric","1","Murata","GRM188R71H104KA93D","",""
"C181","100n sense filter","Capacitor_SMD:C_0603_1608Metric","1","Murata","GRM188R71H104KA93D","",""
"C781","100n service-mux reset gate local","Capacitor_SMD:C_0603_1608Metric","1","Murata","GRM188R71H104KA93D","",""
"C780","100n source-manager local","Capacitor_SMD:C_0603_1608Metric","1","Murata","GRM188R71H104KA93D","",""
"C202","100n thermal ADC filter","Capacitor_SMD:C_0603_1608Metric","1","Murata","GRM188R71H104KA93D","",""
"C772","100p C0G COMP HF","Capacitor_SMD:C_0603_1608Metric","1","Murata","GRM1885C1H101JA01","",""
"C160","100p PCA9306 VREF2/EN filter","Capacitor_SMD:C_0402_1005Metric","1","Murata","GRM1555C1H101JA01D","",""
"C2025,C2026,C2065,C2066","100u 10V PP5V source bulk","Capacitor_Tantalum_SMD:CP_EIA-7343-31_Kemet-D","4","KEMET","T520D107M010ATE070","",""
"C446,C447","100u 10V polymer downstream VBUS bulk","Capacitor_Tantalum_SMD:CP_EIA-3528-21_Kemet-B","2","KEMET","T520B107M010ATE070","",""
"C762","100u 35V hybrid output bulk","Capacitor_SMD:CP_Elec_6.3x5.8","1","Panasonic","EEHZK1V101XP","",""
"C746","100u 35V hybrid selector output hold-up","Capacitor_SMD:CP_Elec_6.3x5.8","1","Panasonic","EEHZK1V101XP","",""
"C2146","100u 35V selected-PD hold-up","Capacitor_SMD:CP_Elec_6.3x5.8","1","Panasonic","EEHZK1V101XP","",""
"R753","102k 0.1% 12V FB high","Resistor_SMD:R_0603_1608Metric","1","Yageo","RT0603BRD07102KL","",""
"F1","10A MINI pack fuse: Littelfuse 0297010.WXNV","Fuse:Fuseholder_Blade_Mini_Keystone_3568","1","Littelfuse / Keystone","0297010.WXNV + 3568","",""
"R751","10R ISN Kelvin filter","Resistor_SMD:R_0603_1608Metric","1","Yageo","RC0603FR-0710RL","",""
"R750","10R ISP Kelvin filter","Resistor_SMD:R_0603_1608Metric","1","Yageo","RC0603FR-0710RL","",""
"R32,R33","10k","Resistor_SMD:R_0603_1608Metric","2","Yageo","RC0603FR-0710KL","",""
"R41","10k 0.1% TPS56637 FB low","Resistor_SMD:R_0603_1608Metric","1","Yageo","RT0603BRD0710KL","",""
"R502","10k 1% ISOLATEB pull-up","Resistor_SMD:R_0402_1005Metric","1","Yageo","RC0402FR-0710KL","",""
"R503","10k 1% PCIe WAKE# pull-up","Resistor_SMD:R_0402_1005Metric","1","Yageo","RC0402FR-0710KL","",""
"R44","10k 1% TPS56637 FB low","Resistor_SMD:R_0603_1608Metric","1","Yageo","RC0603FR-0710KL","",""
"R786","10k 1% TPS56637 FB low","Resistor_SMD:R_0603_1608Metric","1","Yageo","RT0603BRD0710KL","",""
"R853","10k 1% unused TS to VSS","Resistor_SMD:R_0603_1608Metric","1","Yageo","RC0603FR-0710KL","",""
"R852","10k 5% PRES normal-mode pull-up","Resistor_SMD:R_0603_1608Metric","1","Yageo","RC0603FR-0710KL","",""
"R715","10k AUX eFuse FLT pull-up","Resistor_SMD:R_0603_1608Metric","1","Yageo","RC0603FR-0710KL","",""
"R716","10k AUX eFuse PGOOD pull-up","Resistor_SMD:R_0603_1608Metric","1","Yageo","RC0603FR-0710KL","",""
"R14","10k CE hardware-disable pull-up to REGN","Resistor_SMD:R_0603_1608Metric","1","Yageo","RC0603FR-0710KL","",""
"R185","10k CE pull-up","Resistor_SMD:R_0603_1608Metric","1","Yageo","RC0603FR-0710KL","",""
"R1700","10k CFG_STRAP1","Resistor_SMD:R_0603_1608Metric","1","Yageo","RC0603FR-0710KL","",""
"R1840","10k DS1 PRT_CTL idle pull-up; VBUS is managed by its TCPC","Resistor_SMD:R_0603_1608Metric","1","Yageo","RC0603FR-0710KL","",""
"R202","10k EC USB default-disconnect pull-up","Resistor_SMD:R_0603_1608Metric","1","Yageo","RC0603FR-0710KL","",""
"R2015,R2055","10k I2Cc IRQ inactive pull-up","Resistor_SMD:R_0603_1608Metric","2","Yageo","RC0603FR-0710KL","",""
"R15","10k INT pull-up to 3V3","Resistor_SMD:R_0603_1608Metric","1","Yageo","RC0603FR-0710KL","",""
"R768","10k LattePanda PSON required pull-up","Resistor_SMD:R_0603_1608Metric","1","Yageo","RC0603FR-0710KL","",""
"R215","10k Mu thermal pull-up","Resistor_SMD:R_0603_1608Metric","1","Yageo","RC0603FR-0710KL","",""
"R403","10k NON_REM0 strap high","Resistor_SMD:R_0603_1608Metric","1","Yageo","RC0603FR-0710KL","",""
"R2146","10k PD1 VALID pull-up","Resistor_SMD:R_0603_1608Metric","1","Yageo","RC0603FR-0710KL","",""
"R2147","10k PD2 VALID pull-up","Resistor_SMD:R_0603_1608Metric","1","Yageo","RC0603FR-0710KL","",""
"R2005,R2045","10k TCPC IRQ pull-up","Resistor_SMD:R_0603_1608Metric","2","Yageo","RC0603FR-0710KL","",""
"R1715,R1716,R1717","10k TEST pull-up","Resistor_SMD:R_0603_1608Metric","3","Yageo","RC0603FR-0710KL","",""
"R2012,R2052","10k TUSB1142 SLP_S0# pull-up","Resistor_SMD:R_0603_1608Metric","2","Yageo","RC0603FR-0710KL","",""
"R2311","10k UHF PTT inactive","Resistor_SMD:R_0603_1608Metric","1","Yageo","RC0603FR-0710KL","",""
"R2313","10k UHF asleep","Resistor_SMD:R_0603_1608Metric","1","Yageo","RC0603FR-0710KL","",""
"R2310","10k VHF PTT inactive","Resistor_SMD:R_0603_1608Metric","1","Yageo","RC0603FR-0710KL","",""
"R2312","10k VHF asleep","Resistor_SMD:R_0603_1608Metric","1","Yageo","RC0603FR-0710KL","",""
"R170","10k W_DISABLE1 pull-up","Resistor_SMD:R_0603_1608Metric","1","Yageo","RC0603FR-0710KL","",""
"R171","10k W_DISABLE2 pull-up","Resistor_SMD:R_0603_1608Metric","1","Yageo","RC0603FR-0710KL","",""
"R781","10k aggregate AON fault pull-up","Resistor_SMD:R_0603_1608Metric","1","Yageo","RC0603FR-0710KL","",""
"R2306","10k daughterboard-present pull-up; absent=high","Resistor_SMD:R_0603_1608Metric","1","Yageo","RC0603FR-0710KL","",""
"R2086,R2096","10k eFuse FLT pull-up","Resistor_SMD:R_0603_1608Metric","2","Yageo","RC0603FR-0710KL","",""
"R186","10k gauge ALERT pull-up","Resistor_SMD:R_0603_1608Metric","1","Yageo","RC0603FR-0710KL","",""
"R1718","10k hub 3V3 supervisor pull-up","Resistor_SMD:R_0603_1608Metric","1","Yageo","RC0603FR-0710KL","",""
"R774","10k internal host VBUS fault pull-up","Resistor_SMD:R_0603_1608Metric","1","Yageo","RC0603FR-0710KL","",""
"R775","10k internal host VBUS valid pull-up","Resistor_SMD:R_0603_1608Metric","1","Yageo","RC0603FR-0710KL","",""
"R390","10k keyboard RGB fault pull-up","Resistor_SMD:R_0603_1608Metric","1","Yageo","RC0603FR-0710KL","",""
"R209","10k lid pull-up","Resistor_SMD:R_0603_1608Metric","1","Yageo","RC0603FR-0710KL","",""
"R718","10k main AUX VALID pull-up","Resistor_SMD:R_0603_1608Metric","1","Yageo","RC0603FR-0710KL","",""
"R717","10k main USB VALID pull-up","Resistor_SMD:R_0603_1608Metric","1","Yageo","RC0603FR-0710KL","",""
"R925","10k maker USB default-disconnect pull-up","Resistor_SMD:R_0402_1005Metric","1","Yageo","RC0402FR-0710KL","",""
"R924","10k maker header shared fault pull-up","Resistor_SMD:R_0603_1608Metric","1","Yageo","RC0603FR-0710KL","",""
"R931","10k maker header supervisor pull-up","Resistor_SMD:R_0402_1005Metric","1","Yageo","RC0402FR-0710KL","",""
"R2007,R2047","10k mux EN pull-up","Resistor_SMD:R_0603_1608Metric","2","Yageo","RC0603FR-0710KL","",""
"R2006,R2046","10k mux FLIP pull-up","Resistor_SMD:R_0603_1608Metric","2","Yageo","RC0603FR-0710KL","",""
"R708","10k pack FAULT pull-up","Resistor_SMD:R_0603_1608Metric","1","Yageo","RC0603FR-0710KL","",""
"R2085,R2095","10k path-enable series","Resistor_SMD:R_0603_1608Metric","2","Yageo","RC0603FR-0710KL","",""
"R408","10k port 1 OC_N noise-margin pull-up","Resistor_SMD:R_0603_1608Metric","1","Yageo","RC0603FR-0710KL","",""
"R409","10k port 2 OC_N noise-margin pull-up","Resistor_SMD:R_0603_1608Metric","1","Yageo","RC0603FR-0710KL","",""
"R2303","10k radio PG level-divider top","Resistor_SMD:R_0603_1608Metric","1","Yageo","RC0603FR-0710KL","",""
"R2305","10k radio eFuse/shared fault pull-up","Resistor_SMD:R_0603_1608Metric","1","Yageo","RC0603FR-0710KL","",""
"R401","10k reset open-drain pull-up","Resistor_SMD:R_0603_1608Metric","1","Yageo","RC0603FR-0710KL","",""
"R2000,R2040","10k shared CC/USB2 protector FLT pull-up","Resistor_SMD:R_0603_1608Metric","2","Yageo","RC0603FR-0710KL","",""
"R780","10k source-manager INT pull-up","Resistor_SMD:R_0603_1608Metric","1","Yageo","RC0603FR-0710KL","",""
"R210","10k thermal divider pull-up","Resistor_SMD:R_0603_1608Metric","1","Yageo","RC0603FR-0710KL","",""
"R256","10k trackpad fault pull-up","Resistor_SMD:R_0603_1608Metric","1","Yageo","RC0603FR-0710KL","",""
"R855","10k unused external TS pulldown","Resistor_SMD:R_0603_1608Metric","1","Yageo","RC0603FR-0710KL","",""
"C290","10n (VDDA high-frequency)","Capacitor_SMD:C_0603_1608Metric","1","Murata","GRM188R71H103KA01","",""
"C2016,C2017,C2018,C2019,C2056,C2057,C2058,C2059","10n 50V connector VBUS HF","Capacitor_SMD:C_0402_1005Metric","8","Murata","GRM155R71H103KA88D","",""
"C775","10n CC deglitch","Capacitor_SMD:C_0603_1608Metric","1","Murata","GRM188R71H103KA01","",""
"C767","10n DITH/SYNC spreading","Capacitor_SMD:C_0603_1608Metric","1","Murata","GRM188R71H103KA01","",""
"C774","10n PG deglitch","Capacitor_SMD:C_0603_1608Metric","1","Murata","GRM188R71H103KA01","",""
"C1749,C1769,C1789","10n mux HF","Capacitor_SMD:C_0402_1005Metric","3","Murata","GRM155R71H103KA88D","",""
"C32,C33","10p C0G 0.25pF HSE load","Capacitor_SMD:C_0603_1608Metric","2","KEMET","C0603C100C5GACTU","",""
"C1854","10u 10V USB2-A VBUS bulk","Capacitor_SMD:C_1206_3216Metric","1","Murata","GRM21BR71A106KA73L","",""
"C1850","10u 10V USB3-A VBUS bulk","Capacitor_SMD:C_1206_3216Metric","1","Murata","GRM21BR71A106KA73L","",""
"C901","10u 10V X7R TPS62821 output A","Capacitor_SMD:C_0603_1608Metric","1","Murata","GRM188Z71A106MA73D","",""
"C921","10u 10V X7R TPS62821 output B","Capacitor_SMD:C_0603_1608Metric","1","Murata","GRM188Z71A106MA73D","",""
"C2021,C2061","10u 16V X7R TPS25751A LDO1V5; verify 4.5-12u effective","Capacitor_SMD:C_1206_3216Metric","2","Murata","GRM31CR71C106KA01L","",""
"C797","10u 25V AON eFuse output","Capacitor_SMD:C_1206_3216Metric","1","Murata","GRM31CR71E106KA12L","",""
"C712,C713","10u 25V X7R BAT","Capacitor_SMD:C_1206_3216Metric","2","Murata","GRM31CR71E106KA12L","",""
"C725","10u 25V X7R LTC4368 VOUT","Capacitor_SMD:C_0805_2012Metric","1","Murata","GRM21BZ71E106KE15L","",""
"C703,C704,C705","10u 25V X7R PMID","Capacitor_SMD:C_1206_3216Metric","3","Murata","GRM31CR71E106KA12L","",""
"C706,C707,C708,C709,C710","10u 25V X7R SYS","Capacitor_SMD:C_1206_3216Metric","5","Murata","GRM31CR71E106KA12L","",""
"C701,C702","10u 25V X7R VBUS","Capacitor_SMD:C_1206_3216Metric","2","Murata","GRM31CR71E106KA12L","",""
"C205","10u 25V X7R fan local bulk","Capacitor_SMD:C_1206_3216Metric","1","Murata","GRM31CR71E106KA12L","",""
"C2081,C2091","10u 25V eFuse output","Capacitor_SMD:C_1206_3216Metric","2","Murata","GRM31CR71E106KA12L","",""
"C1711,C1712","10u 50V USB5 input","Capacitor_SMD:C_1206_3216Metric","2","Murata","CGA5L1X7R1H106K160AC","",""
"C722","10u 50V X7R AUX output","Capacitor_SMD:C_1206_3216Metric","1","TDK","CGA5L1X7R1H106K160AC","",""
"C40,C41,C46,C776,C777,C790","10u 50V X7R TPS56637 VIN","Capacitor_SMD:C_1206_3216Metric","6","TDK","CGA5L1X7R1H106K160AC","",""
"C36","10u 50V X7R VIN","Capacitor_SMD:C_1206_3216Metric","1","TDK","CGA5L1X7R1H106K160AC","",""
"C751,C752","10u 50V X7R input","Capacitor_SMD:C_1206_3216Metric","2","TDK","CGA5L1X7R1H106K160AC","",""
"C759,C760,C761","10u 50V X7R output","Capacitor_SMD:C_1206_3216Metric","3","TDK","CGA5L1X7R1H106K160AC","",""
"C836","10u 6.3V NVMe socket local bulk","Capacitor_SMD:C_1206_3216Metric","1","Murata","GRM21BR60J106ME19L","",""
"C512","10u 6.3V X7R RTL8111H REGOUT bulk","Capacitor_SMD:C_1206_3216Metric","1","Murata","GRM31CR71E106KA12L","",""
"C401","10u AUDIO_5V local bulk","Capacitor_SMD:C_1206_3216Metric","1","Murata","GRM31CR71E106KA12L","",""
"C423","10u PCM2900 VCCCI","Capacitor_SMD:C_1206_3216Metric","1","Murata","GRM31CR71E106KA12L","",""
"C429","10u PCM2900 VCOM","Capacitor_SMD:C_1206_3216Metric","1","Murata","GRM31CR71E106KA12L","",""
"C2027,C2067","10u PP5V local ceramic","Capacitor_SMD:C_1206_3216Metric","2","Murata","GRM31CR71A106KA01L","",""
"C2301","10u SYS_5V radio eFuse input","Capacitor_SMD:C_1206_3216Metric","1","Murata","GRM31CR71E106KA12L","",""
"C2022,C2062","10u TPS25751A VIN3V3","Capacitor_SMD:C_1206_3216Metric","2","Murata","GRM31CR71A106KA01L","",""
"C2004,C2044","10u TUSB1142 local","Capacitor_SMD:C_1206_3216Metric","2","Murata","GRM31CR71A106KA01L","",""
"C1849","10u USB7206C VDD33 bulk","Capacitor_SMD:C_0805_2012Metric","1","Murata","GRM21BR71A106KE51L","",""
"C441","10u amplifier local bulk","Capacitor_SMD:C_1206_3216Metric","1","Murata","GRM31CR71E106KA12L","",""
"C1708,C1709","10u core output","Capacitor_SMD:C_0805_2012Metric","2","Murata","GRM21BR71A106KE51L","",""
"C830","10u internal host VBUS output","Capacitor_SMD:C_1206_3216Metric","1","Murata","GRM21BR61A106KE19L","",""
"C319","10u keyboard RGB switched-output bulk","Capacitor_SMD:C_1206_3216Metric","1","Murata","GRM31CR71E106KA12L","",""
"C1743,C1763,C1783","10u protected VBUS_SYS","Capacitor_SMD:C_1206_3216Metric","3","Murata","GRM31CR71A106KA01L","",""
"C2308","10u radio codec VBUS gate output","Capacitor_SMD:C_1206_3216Metric","1","Murata","GRM31CR71E106KA12L","",""
"C403","10u radio-codec host VBUS","Capacitor_SMD:C_1206_3216Metric","1","Murata","GRM31CR71E106KA12L","",""
"C404","10u system-DAC VBUS","Capacitor_SMD:C_1206_3216Metric","1","Murata","GRM31CR71E106KA12L","",""
"C283","10u trackpad cable VBUS","Capacitor_SMD:C_1206_3216Metric","1","Murata","GRM31CR71E106KA12L","",""
"L3","10uH 20% 3.3A Isat20","ducktop2:Coilcraft_XGL5030","1","Coilcraft","XGL5030-103MEC","",""
"R754","11.3k 0.1% 12V FB low","Resistor_SMD:R_0603_1608Metric","1","Yageo","RT0603BRD0711K3L","",""
"RS10","11mOhm 1% 2W LTC4368 bounded pack-current shunt","Resistor_SMD:R_2512_6332Metric","1","Vishay Dale","WSLP2512R0110FEA","",""
"R400","12.0k 1% USB transceiver RBIAS","Resistor_SMD:R_0603_1608Metric","1","Yageo","RC0603FR-0712K0L","",""
"R1708","12.0k 1% USB7206C RBIAS","Resistor_SMD:R_0603_1608Metric","1","Yageo","RC0603FR-0712KL","",""
"C923","120p 50V C0G TPS62821 feed-forward","Capacitor_SMD:C_0603_1608Metric","1","Murata","GRM1885C1H121JA01D","",""
"C1705","120p core feed-forward","Capacitor_SMD:C_0402_1005Metric","1","Murata","GRM1555C1H121JA01D","",""
"R702","121k 1% BAT UV/OV bottom","Resistor_SMD:R_0603_1608Metric","1","Yageo","RC0603FR-07121KL","",""
"C515,C516","12p C0G 5% crystal load","Capacitor_SMD:C_0402_1005Metric","2","Murata","GRM1555C1H120JA01","",""
"R2308","133k 1% TPS2553 current limit about 0.20A","Resistor_SMD:R_0603_1608Metric","1","Yageo","RC0603FR-07133KL","",""
"R759","150k 1% UVLO high; 9.0V rising","Resistor_SMD:R_0603_1608Metric","1","Yageo","RC0603FR-07150KL","",""
"C1742,C1762,C1782","150u 10V TPS25810 input reservoir","Capacitor_Tantalum_SMD:CP_EIA-7343-31_Kemet-D","3","KEMET","T520D157M010ATE025","",""
"R755","15k COMP series","Resistor_SMD:R_0603_1608Metric","1","Yageo","RC0603FR-0715KL","",""
"RS750","15mOhm 1% 1W; 3.33A output current limit","Resistor_SMD:R_1206_3216Metric","1","Panasonic","ERJ8BWFR015V","",""
"C741","15n 50V TMR approx 240ms","Capacitor_SMD:C_0402_1005Metric","1","Murata","GRM155R71H153KA12D","",""
"C2141","15n selector TMR approx 240ms","Capacitor_SMD:C_0402_1005Metric","1","Murata","GRM155R71H153KA12D","",""
"C918","15p XIN load","Capacitor_SMD:C_0402_1005Metric","1","Murata","GRM1555C1H150JA01","",""
"C919","15p XOUT load","Capacitor_SMD:C_0402_1005Metric","1","Murata","GRM1555C1H150JA01","",""
"R181","16.5k 0.1% pack divider lo","Resistor_SMD:R_0603_1608Metric","1","Yageo","RT0603BRD0716K5L","",""
"R1710","169k 1% USB5 EN top","Resistor_SMD:R_0603_1608Metric","1","Yageo","RC0603FR-07169KL","",""
"C420,C421","18p C0G 5% codec crystal load","Capacitor_SMD:C_0603_1608Metric","2","Murata","GRM1885C1H180JA01","",""
"C414,C415","18p C0G 5% hub crystal load","Capacitor_SMD:C_0603_1608Metric","2","Murata","GRM1885C1H180JA01","",""
"R2141,R2144","19.6k 0.1% 15V window middle","Resistor_SMD:R_0603_1608Metric","2","Yageo","RT0603BRD0719K6L","",""
"R731","19.6k 0.1% USB window middle","Resistor_SMD:R_0603_1608Metric","1","Yageo","RT0603BRD0719K6L","",""
"R500","1M 1% crystal feedback","Resistor_SMD:R_0402_1005Metric","1","Yageo","RC0402FR-071ML","",""
"R849","1M 5% DSG gate-source","Resistor_SMD:R_0603_1608Metric","1","Yageo","RC0603FR-071ML","",""
"R414","1M PCM2900 crystal feedback","Resistor_SMD:R_0603_1608Metric","1","Yageo","RC0603FR-071ML","",""
"D1824","1N5819HW RTC_BAT diode-OR from MCU_3V3","Diode_SMD:Nexperia_CFP3_SOD-123W","1","STMicroelectronics","1N5819HW","",""
"R909","1R ADC input isolator","Resistor_SMD:R_0402_1005Metric","1","Yageo","RC0402FR-071RL","",""
"R12","1k","Resistor_SMD:R_0603_1608Metric","1","Yageo","RC0603FR-071KL","",""
"R840","1k 1% BQ77915 VDD filter","Resistor_SMD:R_0603_1608Metric","1","Yageo","RC0603FR-071KL","",""
"R848","1k 1% CHG gate resistor","Resistor_SMD:R_0603_1608Metric","1","Yageo","RC0603FR-071KL","",""
"R193","1k AUX ADC series","Resistor_SMD:R_0603_1608Metric","1","Yageo","RC0603FR-071KL","",""
"R905","1k BOOTSEL isolation","Resistor_SMD:R_0402_1005Metric","1","Yageo","RC0402FR-071KL","",""
"R212","1k DFU select series","Resistor_SMD:R_0603_1608Metric","1","Yageo","RC0603FR-071KL","",""
"R163","1k HPD input series","Resistor_SMD:R_0402_1005Metric","1","Yageo","RC0402FR-071KL","",""
"R50","1k NVMe CLKREQ# low: request REFCLK","Resistor_SMD:R_0603_1608Metric","1","Yageo","RC0603FR-071KL","",""
"R2010,R2050","1k TUSB1142 EQCFG=0 strap","Resistor_SMD:R_0603_1608Metric","2","Yageo","RC0603FR-071KL","",""
"R2008,R2048","1k TUSB1142 MODE=0 strap","Resistor_SMD:R_0603_1608Metric","2","Yageo","RC0603FR-071KL","",""
"R2011,R2051","1k TUSB1142 SSEQ1=0 strap","Resistor_SMD:R_0603_1608Metric","2","Yageo","RC0603FR-071KL","",""
"R2009,R2049","1k TUSB1142 VIO=3V3 strap","Resistor_SMD:R_0603_1608Metric","2","Yageo","RC0603FR-071KL","",""
"R910","1k active-low host-connected sense series","Resistor_SMD:R_0402_1005Metric","1","Yageo","RC0402FR-071KL","",""
"R906","1k crystal damping","Resistor_SMD:R_0402_1005Metric","1","Yageo","RC0402FR-071KL","",""
"R360,R361,R362,R363,R364,R365,R366,R367,R368,R369,R370,R371,R372,R373,R374,R376,R377,R378,R379,R380,R381,R382,R383","1k keyboard matrix series","Resistor_SMD:R_0603_1608Metric","23","Yageo","RC0603FR-071KL","",""
"R916","1k reset switch series","Resistor_SMD:R_0402_1005Metric","1","Yageo","RC0402FR-071KL","",""
"C514","1n 2kV X7R 10% shield-to-digital return","Capacitor_SMD:C_1812_4532Metric","1","KEMET","C1812C102KGRACTU","",""
"C1840,C1841,C1842,C1843,C1844,C1845,C1846,C1847,C1848","1n USB7206C VCORE HF","Capacitor_SMD:C_0402_1005Metric","9","Murata","GRM155R71H102KA01D","",""
"C1830,C1831,C1832,C1833,C1834,C1835,C1836,C1837","1n USB7206C VDD33 HF","Capacitor_SMD:C_0402_1005Metric","8","Murata","GRM155R71H102KA01D","",""
"C442,C443,C444,C445","1n speaker EMI shunt per TI Figure 36","Capacitor_SMD:C_0402_1005Metric","4","Murata","GRM155R71H102KA01","",""
"C28","1u (VDDA)","Capacitor_SMD:C_0805_2012Metric","1","Murata","GRM21BR71A105KA01L","",""
"C841","1u 10V X7R BQ77915 AVDD","Capacitor_SMD:C_0805_2012Metric","1","Murata","GRM21BR71A105KA01L","",""
"C842,C843,C844,C848","1u 10V X7R BQ77915 internal-balance filter","Capacitor_SMD:C_0805_2012Metric","4","Murata","GRM21BR71A105KA01L","",""
"C158","1u 10V X7R HDMI 5V switch input","Capacitor_SMD:C_0805_2012Metric","1","Murata","GRM188R71A105KA61D","",""
"C159","1u 10V X7R HDMI 5V switch output","Capacitor_SMD:C_0805_2012Metric","1","Murata","GRM188R71A105KA61D","",""
"C795","1u 25V AON eFuse input","Capacitor_SMD:C_0805_2012Metric","1","Murata","GRM21BR71H105KA12L","",""
"C840","1u 25V X7R BQ77915 VDD","Capacitor_SMD:C_0805_2012Metric","1","Murata","GRM21BR71H105KA12L","",""
"C753","1u 50V X5R input","Capacitor_SMD:C_0603_1608Metric","1","Murata","GRT188R61H105ME13D","",""
"C758","1u 50V X5R output","Capacitor_SMD:C_0603_1608Metric","1","Murata","GRT188R61H105ME13D","",""
"C720","1u 50V X7R AUX input","Capacitor_SMD:C_0805_2012Metric","1","Murata","GRM21BR71H105KA01","",""
"C1750,C1770,C1790","1u 50V connector-side VBUS","Capacitor_SMD:C_0805_2012Metric","3","Murata","GRM21BR71H105KA12L","",""
"C763","1u 50V post-sense load-side bypass","Capacitor_SMD:C_0603_1608Metric","1","Murata","GRT188R61H105ME13D","",""
"C462","1u CPVSS negative-rail decoupling","Capacitor_SMD:C_0805_2012Metric","1","Murata","GRM21BR71H105KA01","",""
"C434","1u L negative-input AC reference","Capacitor_SMD:C_0805_2012Metric","1","Murata","GRM21BR71H105KA01","",""
"C432","1u L positive-input AC coupling","Capacitor_SMD:C_0805_2012Metric","1","Murata","GRM21BR71H105KA01","",""
"C448","1u LP5907 input","Capacitor_SMD:C_0805_2012Metric","1","Murata","GRM21BR71A105KA01L","",""
"C449","1u LP5907 output","Capacitor_SMD:C_0805_2012Metric","1","Murata","GRM21BR71A105KA01L","",""
"C174","1u OLED A local","Capacitor_SMD:C_0805_2012Metric","1","Murata","GRM21BR71A105KA01L","",""
"C178","1u OLED B local","Capacitor_SMD:C_0805_2012Metric","1","Murata","GRM21BR71A105KA01L","",""
"C832","1u PCIe endpoint switch input","Capacitor_SMD:C_0805_2012Metric","1","Murata","GRM188R60J105KA01D","",""
"C422","1u PCM2900 VBUS after 2.2R","Capacitor_SMD:C_0805_2012Metric","1","Murata","GRM21BR71A105KA01L","",""
"C424","1u PCM2900 VCCP1I less than 2u","Capacitor_SMD:C_0805_2012Metric","1","Murata","GRM21BR71A105KA01L","",""
"C425","1u PCM2900 VCCP2I less than 2u","Capacitor_SMD:C_0805_2012Metric","1","Murata","GRM21BR71A105KA01L","",""
"C426","1u PCM2900 VCCXI less than 2u","Capacitor_SMD:C_0805_2012Metric","1","Murata","GRM21BR71A105KA01L","",""
"C427","1u PCM2900 VDDI less than 2u","Capacitor_SMD:C_0805_2012Metric","1","Murata","GRM21BR71A105KA01L","",""
"C435","1u R negative-input AC reference","Capacitor_SMD:C_0805_2012Metric","1","Murata","GRM21BR71H105KA01","",""
"C433","1u R positive-input AC coupling","Capacitor_SMD:C_0805_2012Metric","1","Murata","GRM21BR71H105KA01","",""
"C183","1u REG25","Capacitor_SMD:C_0805_2012Metric","1","Murata","GRM21BR71A105KA01L","",""
"C783","1u RTC_BAT hold","Capacitor_SMD:C_0805_2012Metric","1","Murata","GRM188R60J105KA01D","",""
"C1751,C1771,C1791","1u TPD1S514 VBUS_POWER stability","Capacitor_SMD:C_0603_1608Metric","3","Murata","GRM188R71A105KA61D","",""
"C402","1u TPS2052B input","Capacitor_SMD:C_0805_2012Metric","1","Murata","GRM21BR71A105KA01L","",""
"C463","1u VDD pin 12 analog bypass","Capacitor_SMD:C_0805_2012Metric","1","Murata","GRM21BR71H105KA01","",""
"C464","1u VDD pin 20 charge-pump supply bypass","Capacitor_SMD:C_0805_2012Metric","1","Murata","GRM21BR71H105KA01","",""
"C461","1u charge-pump flying CPP-CPN","Capacitor_SMD:C_0805_2012Metric","1","Murata","GRM21BR71H105KA01","",""
"C794","1u internal host VBUS switch input","Capacitor_SMD:C_0805_2012Metric","1","Murata","GRM188R71A105KA61D","",""
"C1748,C1768,C1788","1u mux local bulk","Capacitor_SMD:C_0603_1608Metric","3","Murata","GRM188R71A105KA61D","",""
"C2307","1u radio codec VBUS gate input","Capacitor_SMD:C_0805_2012Metric","1","Murata","GRM21BR71E105KA12L","",""
"C411","1u shared hub 3V3 bulk","Capacitor_SMD:C_0805_2012Metric","1","Murata","GRM21BR71A105KA01L","",""
"R798","2.21k 0.1% AON ILM 1.51A typ","Resistor_SMD:R_0603_1608Metric","1","Yageo","RT0603BRD072K21L","",""
"R413","2.2R PCM2900C VBUS filter","Resistor_SMD:R_0603_1608Metric","1","Yageo","RC0603FR-072R2L","",""
"R2002,R2042","2.2k EEPROM SCL pull-up","Resistor_SMD:R_0603_1608Metric","2","Yageo","RC0603FR-072K2L","",""
"R2001,R2041","2.2k EEPROM SDA pull-up","Resistor_SMD:R_0603_1608Metric","2","Yageo","RC0603FR-072K2L","",""
"R158,R159","2.2k HDMI DDC pull-up","Resistor_SMD:R_0402_1005Metric","2","Yageo","RC0402FR-072K2L","",""
"R165","2.2k S0 bias-gate series","Resistor_SMD:R_0402_1005Metric","1","Yageo","RC0402FR-072K2L","",""
"R435","2.2k microphone-active indicator","Resistor_SMD:R_0603_1608Metric","1","Yageo","RC0603FR-072K2L","",""
"R2302","2.2k supervisor pull-up to switched 5V","Resistor_SMD:R_0603_1608Metric","1","Yageo","RC0603FR-072K2L","",""
"C29","2.2u (VCAP_1, mandatory)","Capacitor_SMD:C_0805_2012Metric","1","Murata","GRM21BR60J225ME01","",""
"C30","2.2u (VCAP_2, mandatory)","Capacitor_SMD:C_0805_2012Metric","1","Murata","GRM21BR60J225ME01","",""
"C714","2.2u 25V X7R VBUS hot-plug damper","Capacitor_SMD:C_0805_2012Metric","1","Murata","GRM21BR71E225KA73L","",""
"R501","2.49k 1% RTL8111H RSET","Resistor_SMD:R_0402_1005Metric","1","Yageo","RC0402FR-072K49L","",""
"R797","20.0k 0.1% AON UV/OV bottom","Resistor_SMD:R_0603_1608Metric","1","Yageo","RT0603BRD0720KL","",""
"R735","20.0k 0.1% AUX OV bottom","Resistor_SMD:R_0603_1608Metric","1","Yageo","RT0603BRD0720KL","",""
"R713","20.0k 0.1% AUX UV/OV bottom","Resistor_SMD:R_0603_1608Metric","1","Yageo","RT0603BRD0720K0L","",""
"R1740,R1760,R1780,R1850,R1851","20.0k 1% TPS2553 1.3A ILIM","Resistor_SMD:R_0603_1608Metric","5","Yageo","RC0603FR-0720KL","",""
"R908","200R ADC reference filter","Resistor_SMD:R_0402_1005Metric","1","Yageo","RC0402FR-07200RL","",""
"R1704","200k BC1.2 disabled","Resistor_SMD:R_0603_1608Metric","1","Yageo","RC0603FR-07200KL","",""
"R1701","200k CFG_STRAP2","Resistor_SMD:R_0603_1608Metric","1","Yageo","RC0603FR-07200KL","",""
"R1702","200k CFG_STRAP3","Resistor_SMD:R_0603_1608Metric","1","Yageo","RC0603FR-07200KL","",""
"R162","200k PCA9306 VREF2/EN bias","Resistor_SMD:R_0402_1005Metric","1","Yageo","RC0402FR-07200KL","",""
"R1703","200k all ports removable","Resistor_SMD:R_0603_1608Metric","1","Yageo","RC0603FR-07200KL","",""
"R2304","20k radio PG level-divider bottom","Resistor_SMD:R_0603_1608Metric","1","Yageo","RC0603FR-0720KL","",""
"R36","22.1k 1% (3.3V FB lo)","Resistor_SMD:R_0603_1608Metric","1","Yageo","RC0603FR-0722K1L","",""
"R180","220k 0.1% <=25ppm pack divider hi","Resistor_SMD:R_0603_1608Metric","1","Yageo","RT0603BRD07220KL","",""
"C592,C593,C594,C595,C596,C597,C68,C69","220n 10V X7R NVMe TX AC","Capacitor_SMD:C_0402_1005Metric","8","Murata","GRM155R71A224KE01D","",""
"C590,C591","220n 10V X7R Wi-Fi TX AC","Capacitor_SMD:C_0402_1005Metric","2","Murata","GRM155R71A224KE01D","",""
"C500,C501,C502,C503","220n 16V X7R PCIe TX AC per current Mu guide","Capacitor_SMD:C_0402_1005Metric","4","Murata","GRM155R71C224KA12D","",""
"C2009,C2010,C2011,C2012,C2013,C2014,C2049,C2050,C2051,C2052,C2053,C2054","220n USB3 TX AC coupling","Capacitor_SMD:C_0402_1005Metric","12","Murata","GRM155R71C224KA12D","",""
"R922","226k 1% (101-142mA 3V3 header limit)","Resistor_SMD:R_0603_1608Metric","1","Yageo","RC0603FR-07226KL","",""
"R204","22R DFU USB DM series","Resistor_SMD:R_0603_1608Metric","1","Yageo","RC0603FR-0722RL","",""
"R203","22R DFU USB DP series","Resistor_SMD:R_0603_1608Metric","1","Yageo","RC0603FR-0722RL","",""
"R201","22R USB DM series","Resistor_SMD:R_0603_1608Metric","1","Yageo","RC0603FR-0722RL","",""
"R200","22R USB DP series","Resistor_SMD:R_0603_1608Metric","1","Yageo","RC0603FR-0722RL","",""
"R411","22R system DAC USB D+ series","Resistor_SMD:R_0603_1608Metric","1","Yageo","RC0603FR-0722RL","",""
"R410","22R system DAC USB D- series","Resistor_SMD:R_0603_1608Metric","1","Yageo","RC0603FR-0722RL","",""
"R251","22R trackpad DM series","Resistor_SMD:R_0603_1608Metric","1","Yageo","RC0603FR-0722RL","",""
"R250","22R trackpad DP series","Resistor_SMD:R_0603_1608Metric","1","Yageo","RC0603FR-0722RL","",""
"R703","22k LTC4368 CGATE series","Resistor_SMD:R_0603_1608Metric","1","Yageo","RC0603FR-0722KL","",""
"C2082,C2092","22n eFuse dVdT","Capacitor_SMD:C_0402_1005Metric","2","Murata","GRM155R71H223KA12D","",""
"C1714,C1715","22u 10V USB5 output","Capacitor_SMD:C_1210_3225Metric","2","Murata","GRM32ER71A226KE20L","",""
"C291,C39","22u 16V X7R MCU_3V3 output","Capacitor_SMD:C_1206_3216Metric","2","Murata","GRM31CZ71C226ME15L","",""
"C44,C45,C48,C792","22u 16V X7R TPS56637 OUT","Capacitor_SMD:C_1206_3216Metric","4","Murata","GRM31CZ71C226ME15L","",""
"C764","22u 16V X7R VCC mandatory; effective >4.7u","Capacitor_SMD:C_1206_3216Metric","1","Murata","GRM31CZ71C226ME15L","",""
"C2303","22u RADIO_DB_5V output bulk","Capacitor_SMD:C_1206_3216Metric","1","Murata","GRM31CZ71C226ME15L","",""
"R760","23.7k 1% UVLO low","Resistor_SMD:R_0603_1608Metric","1","Yageo","RC0603FR-0723K7L","",""
"R1750,R1770,R1790","249R 0.25W TPS25810 OUT discharge","Resistor_SMD:R_1206_3216Metric","3","Yageo","RC1206FR-07249RL","",""
"Y1700","25.000MHz 3.3V USB hub oscillator","Oscillator:Oscillator_SMD_Abracon_ASDMB-4Pin_2.5x2.0mm","1","Abracon","ASDMB-25.000MHZ-LC-T","",""
"R2081,R2091","27.4k 0.1% 15V eFuse UV/OV middle","Resistor_SMD:R_0603_1608Metric","2","Yageo","RT0603BRD0727K4L","",""
"C2023,C2063","270p C0G CC1 total-capacitance component","Capacitor_SMD:C_0402_1005Metric","2","Murata","GRM1555C1H271JA01D","",""
"C2024,C2064","270p C0G CC2 total-capacitance component","Capacitor_SMD:C_0402_1005Metric","2","Murata","GRM1555C1H271JA01D","",""
"R901","27R USB DM termination","Resistor_SMD:R_0402_1005Metric","1","Yageo","RC0402FR-0727RL","",""
"R900","27R USB DP termination","Resistor_SMD:R_0402_1005Metric","1","Yageo","RC0402FR-0727RL","",""
"F10","2A E-key 3V3 fuse/polyfuse","Fuse:Fuse_1206_3216Metric","1","Littelfuse","1206L200PR","",""
"Q62","2N7002 DFU-mode USB mux force-enable","Package_TO_SOT_SMD:SOT-23","1","onsemi","2N7002KT1G","",""
"Q903","2N7002 maker header isolation enable gate","Package_TO_SOT_SMD:SOT-23","1","onsemi","2N7002KT1G","",""
"Q60,Q901","2N7002 physical host-VBUS USB connect gate","Package_TO_SOT_SMD:SOT-23","2","onsemi","2N7002KT1G","",""
"Q2001,Q2002","2N7002K DFP USB2 enable inverter","Package_TO_SOT_SMD:SOT-23","2","onsemi","2N7002KT1G","",""
"Q2300","2N7002K radio-PG USB enable","Package_TO_SOT_SMD:SOT-23","1","onsemi","2N7002KT1G","",""
"Q200","2N7002KT1G fan PWM open-drain sink","Package_TO_SOT_SMD:SOT-23","1","onsemi","2N7002KT1G","",""
"R706","2R VBUS hot-plug damper","Resistor_SMD:R_0603_1608Metric","1","Yageo","RC0603FR-072RL","",""
"R700","3.09M 1% BAT UV/OV top","Resistor_SMD:R_0603_1608Metric","1","Yageo","RC0603FR-073M09L","",""
"R850","3.3M 5% CHG gate-source","Resistor_SMD:R_0603_1608Metric","1","Yageo","RC0603FR-073M3L","",""
"C799","3.3n AON eFuse dVdt","Capacitor_SMD:C_0402_1005Metric","1","Murata","GRM155R71H332KA01","",""
"C700","3.3nF >=50V LTC4368 CGATE","Capacitor_SMD:C_0402_1005Metric","1","Murata","GRM155R71H332KA01","",""
"L901","3.3u AOTA-B201610S3R3-101-T (orientation critical)","Inductor_SMD:L_Wuerth_PMFI-201610_PMCI-compatible","1","Abracon","AOTA-B201610S3R3-101-T","",""
"L1701","3.3uH >=9A USB port buck","Inductor_SMD:L_Coilcraft_XAL7070-XXX","1","Coilcraft","XAL7070-332MEC","",""
"C209","3.9n fan FG filter","Capacitor_SMD:C_0402_1005Metric","1","Murata","GRM1555C1H392JA01D","",""
"R711","300k 0.1% AUX UV/OV top","Resistor_SMD:R_0603_1608Metric","1","Yageo","RT0603BRD07300KL","",""
"R795","301k 0.1% AON UV/OV top","Resistor_SMD:R_0603_1608Metric","1","Yageo","RT0603BRD07301KL","",""
"R714","31R AUX reverse-FET pulldown gate","Resistor_SMD:R_0603_1608Metric","1","Yageo","RC0603FR-0731RL","",""
"R932,R933,R934,R935,R936,R937,R938,R939,R940,R941,R942,R943,R944,R945,R946,R947,R948,R949,R950,R951,R952,R953,R954,R955,R956,R957,R958,R959,R960,R961","330R maker header fault limit","Resistor_SMD:R_0402_1005Metric","30","Yageo","RC0402FR-07330RL","",""
"R739","332k 0.1% AUX PGOOD threshold top","Resistor_SMD:R_0603_1608Metric","1","Yageo","RT0603BRD07332KL","",""
"R907","33R VREG_AVDD filter","Resistor_SMD:R_0402_1005Metric","1","Yageo","RC0402FR-0733RL","",""
"R1711","36.1k 1% USB5 EN bottom","Resistor_SMD:R_0603_1608Metric","1","Yageo","RC0603FR-0736K1L","",""
"R733","383k 0.1% AUX UV top","Resistor_SMD:R_0603_1608Metric","1","Yageo","RT0603BRD07383KL","",""
"F190","3A MINI AUX input fuse: Littelfuse 0297003.WXNV","Fuse:Fuseholder_Blade_Mini_Keystone_3568","1","Littelfuse / Keystone","0297003.WXNV + 3568","",""
"J2","3S pack power + cell-tap harness","Connector_Molex:Molex_Mega-Fit_76829-0006_2x03_P5.70mm_Vertical","1","Molex","76829-0006","",""
"R847","4.53k 1% DSG gate resistor","Resistor_SMD:R_0603_1608Metric","1","Yageo","RC0603FR-074K53L","",""
"R30","4.7k I2C SCL pull-up to 3V3","Resistor_SMD:R_0603_1608Metric","1","Yageo","RC0603FR-074K7L","",""
"R31","4.7k I2C SDA pull-up to 3V3","Resistor_SMD:R_0603_1608Metric","1","Yageo","RC0603FR-074K7L","",""
"R2340","4.7k J2300 pin 11 signal isolation","Resistor_SMD:R_0603_1608Metric","1","Yageo","RC0603FR-074K7L","",""
"R2341","4.7k J2300 pin 12 signal isolation","Resistor_SMD:R_0603_1608Metric","1","Yageo","RC0603FR-074K7L","",""
"R2342","4.7k J2300 pin 13 signal isolation","Resistor_SMD:R_0603_1608Metric","1","Yageo","RC0603FR-074K7L","",""
"R2343","4.7k J2300 pin 14 signal isolation","Resistor_SMD:R_0603_1608Metric","1","Yageo","RC0603FR-074K7L","",""
"R2344","4.7k J2300 pin 15 signal isolation","Resistor_SMD:R_0603_1608Metric","1","Yageo","RC0603FR-074K7L","",""
"R2345","4.7k J2300 pin 16 signal isolation","Resistor_SMD:R_0603_1608Metric","1","Yageo","RC0603FR-074K7L","",""
"R2346","4.7k J2300 pin 17 signal isolation","Resistor_SMD:R_0603_1608Metric","1","Yageo","RC0603FR-074K7L","",""
"R2347","4.7k J2300 pin 18 signal isolation","Resistor_SMD:R_0603_1608Metric","1","Yageo","RC0603FR-074K7L","",""
"R2348","4.7k J2300 pin 20 signal isolation","Resistor_SMD:R_0603_1608Metric","1","Yageo","RC0603FR-074K7L","",""
"R2349","4.7k J2300 pin 21 signal isolation","Resistor_SMD:R_0603_1608Metric","1","Yageo","RC0603FR-074K7L","",""
"R2350","4.7k J2300 pin 22 signal isolation","Resistor_SMD:R_0603_1608Metric","1","Yageo","RC0603FR-074K7L","",""
"R2351","4.7k J2300 pin 23 signal isolation","Resistor_SMD:R_0603_1608Metric","1","Yageo","RC0603FR-074K7L","",""
"R2352","4.7k J2300 pin 24 signal isolation","Resistor_SMD:R_0603_1608Metric","1","Yageo","RC0603FR-074K7L","",""
"R2353","4.7k J2300 pin 25 signal isolation","Resistor_SMD:R_0603_1608Metric","1","Yageo","RC0603FR-074K7L","",""
"R2354","4.7k J2300 pin 27 signal isolation","Resistor_SMD:R_0603_1608Metric","1","Yageo","RC0603FR-074K7L","",""
"R2355","4.7k J2300 pin 28 signal isolation","Resistor_SMD:R_0603_1608Metric","1","Yageo","RC0603FR-074K7L","",""
"R2356","4.7k J2300 pin 29 signal isolation","Resistor_SMD:R_0603_1608Metric","1","Yageo","RC0603FR-074K7L","",""
"R173","4.7k OLED A SCL pull-up","Resistor_SMD:R_0603_1608Metric","1","Yageo","RC0603FR-074K7L","",""
"R179","4.7k OLED A SDA pull-up","Resistor_SMD:R_0603_1608Metric","1","Yageo","RC0603FR-074K7L","",""
"R196","4.7k OLED B SCL pull-up","Resistor_SMD:R_0603_1608Metric","1","Yageo","RC0603FR-074K7L","",""
"R197","4.7k OLED B SDA pull-up","Resistor_SMD:R_0603_1608Metric","1","Yageo","RC0603FR-074K7L","",""
"R2004,R2044","4.7k TCPC SCL pull-up","Resistor_SMD:R_0603_1608Metric","2","Yageo","RC0603FR-074K7L","",""
"R2003,R2043","4.7k TCPC SDA pull-up","Resistor_SMD:R_0603_1608Metric","2","Yageo","RC0603FR-074K7L","",""
"C771","4.7n COMP","Capacitor_SMD:C_0603_1608Metric","1","Murata","GRM188R71H472KA01","",""
"C165","4.7n HDMI 3V3 switch rise-time","Capacitor_SMD:C_0402_1005Metric","1","Murata","GRM155R71C472KA01D","",""
"C164","4.7n HDMI 5V switch rise-time","Capacitor_SMD:C_0402_1005Metric","1","Murata","GRM155R71C472KA01D","",""
"C833","4.7n PCIe endpoint controlled slew","Capacitor_SMD:C_0402_1005Metric","1","Murata","GRM155R71H472KA01D","",""
"C2300","4.7n radio eFuse controlled rise","Capacitor_SMD:C_0402_1005Metric","1","Murata","GRM155R71H472KA01","",""
"C724","4.7nF >=50V pack hot-swap slew","Capacitor_SMD:C_0402_1005Metric","1","Murata","GRM155R71H472KA01","",""
"C26","4.7u (bulk)","Capacitor_SMD:C_0805_2012Metric","1","Murata","GRM21BR71A475KA73L","",""
"C9","4.7u 10V X7R REGN","Capacitor_SMD:C_0805_2012Metric","1","Murata","GRM21BR71A475KA73L","",""
"C912","4.7u 1V1 output","Capacitor_SMD:C_0402_1005Metric","1","Murata","GRM155R61A475KE15","",""
"C2015,C2055","4.7u 25V raw VBUS; pre-attach total below 10uF","Capacitor_SMD:C_1206_3216Metric","2","Murata","GRM31CR71E475KA88L","",""
"C900","4.7u 6.3V X7R TPS62821 input","Capacitor_SMD:C_0603_1608Metric","1","Taiyo Yuden","JMK107BB7475MA-T","",""
"C917","4.7u ADC_AVDD filter","Capacitor_SMD:C_0402_1005Metric","1","Murata","GRM155R61A475KE15","",""
"C911","4.7u VREG input","Capacitor_SMD:C_0402_1005Metric","1","Murata","GRM155R61A475KE15","",""
"C913","4.7u VREG_AVDD","Capacitor_SMD:C_0402_1005Metric","1","Murata","GRM155R61A475KE15","",""
"C1706","4.7u core input","Capacitor_SMD:C_0805_2012Metric","1","Murata","GRM21BR71A475KA73L","",""
"C902","4.7u flash bulk","Capacitor_SMD:C_0402_1005Metric","1","Murata","GRM155R61A475KE15","",""
"C454","4.7u microphone gain-leg AC coupling","Capacitor_SMD:C_1206_3216Metric","1","Murata","GRM31CR61C475KA01","",""
"C455","4.7u microphone to PCM2900 VINL per TI analog front-end","Capacitor_SMD:C_1206_3216Metric","1","Murata","GRM31CR61C475KA01","",""
"C456","4.7u microphone to PCM2900 VINR per TI analog front-end","Capacitor_SMD:C_1206_3216Metric","1","Murata","GRM31CR61C475KA01","",""
"L750","4.7uH 10.1A Isat / 6.9A Irms","Inductor_SMD:L_Coilcraft_XAL7030-472","1","Coilcraft","XAL7030-472MEC","",""
"R432","4.99k 1% microphone feedback","Resistor_SMD:R_0603_1608Metric","1","Yageo","RC0603FR-074K99L","",""
"R1741,R1761,R1781","4.99k POL pull-up","Resistor_SMD:R_0603_1608Metric","3","Yageo","RC0603FR-074K99L","",""
"R252","43.2k 1% TPS2553 trackpad ILIM 0.61A nominal","Resistor_SMD:R_0603_1608Metric","1","Yageo","RC0603FR-0743K2L","",""
"R773","43.2k 1% internal host VBUS 0.61A ILIM","Resistor_SMD:R_0603_1608Metric","1","Yageo","RC0603FR-0743K2L","",""
"R43","45.3k 1% TPS56637 FB high","Resistor_SMD:R_0603_1608Metric","1","Yageo","RC0603FR-0745K3L","",""
"R785","45.3k 1% TPS56637 FB high","Resistor_SMD:R_0603_1608Metric","1","Yageo","RT0603BRD0745K3L","",""
"R902","450k 1% TPS62821 feedback high","Resistor_SMD:R_0603_1608Metric","1","Yageo","RC0603FR-07450KL","",""
"R851","453k 1% load-detect resistor","Resistor_SMD:R_0603_1608Metric","1","Yageo","RC0603FR-07453KL","",""
"R17","47.0k 0.1% ILIM top (3.0A ceiling)","Resistor_SMD:R_0603_1608Metric","1","Yageo","RT0603BRD0747KL","",""
"R150,R151,R152,R153,R154,R155,R156,R157","470R 1% HDMI bias","Resistor_SMD:R_0402_1005Metric","8","Yageo","RC0402FR-07470RL","",""
"R505","470R 1% green 1000M indicator LED","Resistor_SMD:R_0402_1005Metric","1","Yageo","RC0402FR-07470RL","",""
"R504","470R 1% yellow activity LED","Resistor_SMD:R_0402_1005Metric","1","Yageo","RC0402FR-07470RL","",""
"R191","470k 1% AUX ADC top","Resistor_SMD:R_0603_1608Metric","1","Yageo","RC0603FR-07470KL","",""
"L1700","470nH >=3.9A USB hub core","ducktop2:TDK_TFM201610","1","TDK","TFM201610ALMA-R47MTAA","",""
"L900","470nH TDK TFM201610ALM-R47MTAA","ducktop2:TDK_TFM201610","1","TDK","TFM201610ALM-R47MTAA","",""
"R2084,R2094","47k eFuse default-off pulldown","Resistor_SMD:R_0603_1608Metric","2","Yageo","RC0603FR-0747KL","",""
"R930","47k maker header isolation default-off","Resistor_SMD:R_0402_1005Metric","1","Yageo","RC0402FR-0747KL","",""
"C7","47n 25V X7R BTST1","Capacitor_SMD:C_0402_1005Metric","1","Murata","GRM155R71E473KA88D","",""
"C8","47n 25V X7R BTST2","Capacitor_SMD:C_0402_1005Metric","1","Murata","GRM155R71E473KA88D","",""
"C430","47n L DAC out-of-band shunt","Capacitor_SMD:C_0603_1608Metric","1","Murata","GRM188R71H473KA01","",""
"C431","47n R DAC out-of-band shunt","Capacitor_SMD:C_0603_1608Metric","1","Murata","GRM188R71H473KA01","",""
"C782","47u 6.3V PCIE_3V3_IN rail bulk","Capacitor_SMD:C_1206_3216Metric","1","Murata","GRM32ER60J476ME20L","",""
"C834","47u 6.3V PCIe endpoint rail bulk","Capacitor_SMD:C_1206_3216Metric","1","Murata","GRM32ER60J476ME20L","",""
"C170","47u E-key bulk","Capacitor_SMD:C_1206_3216Metric","1","Murata","GRM31CR71E106KA12L","",""
"R752","49.9R FB isolation","Resistor_SMD:R_0603_1608Metric","1","Yageo","RC0603FR-0749R9L","",""
"R756","49.9k 1% FSW = 400kHz","Resistor_SMD:R_0603_1608Metric","1","Yageo","RC0603FR-0749K9L","",""
"R205","5.1k USB-C CC1 Rd (UFP)","Resistor_SMD:R_0603_1608Metric","1","Yageo","RC0603FR-075K1L","",""
"R211","5.1k USB-C CC2 Rd (UFP)","Resistor_SMD:R_0603_1608Metric","1","Yageo","RC0603FR-075K1L","",""
"R16","5.24k 1% fixed-valid TS top","Resistor_SMD:R_0603_1608Metric","1","Yageo","RC0603FR-075K24L","",""
"R796","52.3k 0.1% AON UV/OV middle","Resistor_SMD:R_0603_1608Metric","1","Yageo","RT0603BRD0752K3L","",""
"R192","56k 1% AUX ADC bottom","Resistor_SMD:R_0603_1608Metric","1","Yageo","RC0603FR-0756KL","",""
"C292","56p C0G TPS54202 feed-forward","Capacitor_SMD:C_0402_1005Metric","1","Murata","GRM1555C1H560JA01","",""
"RS1","5mOhm 1% 2W BQ34Z100 Kelvin shunt","Resistor_SMD:R_2512_6332Metric","1","Vishay Dale","WSLP2512R0050FEA","",""
"R710","6.04k 1% AUX 3A current limit","Resistor_SMD:R_0603_1608Metric","1","Yageo","RC0603FR-076K04L","",""
"R2083,R2093","6.04k 1% eFuse 2.98A ILIM","Resistor_SMD:R_0603_1608Metric","2","Yageo","RC0603FR-076K04L","",""
"C34,C35","6.8p C0G 0.25pF LSE load","Capacitor_SMD:C_0603_1608Metric","2","KEMET","C0603C689C5GACTU","",""
"C2020,C2060","6.8u 25V X7R TPS25751A LDO3V3; verify >=5u effective","Capacitor_SMD:C_1206_3216Metric","2","Murata","GRM31CR71E685KA88L","",""
"R854","604k 1% OCD delay program","Resistor_SMD:R_0603_1608Metric","1","Yageo","RC0603FR-07604KL","",""
"R712","63.2k 0.1% AUX UV/OV middle","Resistor_SMD:R_0603_1608Metric","1","Yageo","RT0603BRD0763K2L","",""
"R2142,R2145","63.4k 0.1% 15V OV bottom","Resistor_SMD:R_0603_1608Metric","2","Yageo","RT0603BRD0763K4L","",""
"R734","63.4k 0.1% AUX window middle","Resistor_SMD:R_0603_1608Metric","1","Yageo","RT0603BRD0763K4L","",""
"R732","63.4k 0.1% USB OV bottom","Resistor_SMD:R_0603_1608Metric","1","Yageo","RT0603BRD0763K4L","",""
"R388","66.5k 1% keyboard RGB 0.40A ILIM","Resistor_SMD:R_0603_1608Metric","1","Yageo","RC0603FR-0766K5L","",""
"R2082,R2092","68.1k 0.1% 15V eFuse UV/OV bottom","Resistor_SMD:R_0603_1608Metric","2","Yageo","RT0603BRD0768K1L","",""
"C2028,C2068","68u 25V PPHV sink bulk","Capacitor_Tantalum_SMD:CP_EIA-7343-31_Kemet-D","2","KEMET","T521V686M025ATE050","",""
"C750","68u 50V hybrid input bulk","Capacitor_SMD:CP_Elec_8x10","1","Panasonic","EEHZA1H680P","",""
"R705","7.50k 1% fixed-valid TS bottom","Resistor_SMD:R_0603_1608Metric","1","Yageo","RC0603FR-077K50L","",""
"R701","73.2k 1% BAT UV/OV middle","Resistor_SMD:R_0603_1608Metric","1","Yageo","RC0603FR-0773K2L","",""
"R1712","74.3k 0.1% USB5 FB top","Resistor_SMD:R_0603_1608Metric","1","Yageo","RT0603BRD0743KL","",""
"F200","750mA 16V fan polyfuse","Fuse:Fuse_1206_3216Metric","1","Littelfuse","1206L075/16WR","",""
"R841,R842,R843,R844","75R 1% BQ77915 cell/balance filter","Resistor_SMD:R_0603_1608Metric","4","Yageo","RC0603FR-0775RL","",""
"R570,R571,R572,R573,R574,R575,R576,R577,R578,R579","75R 1% unused TPD13S523 channel termination","Resistor_SMD:R_0402_1005Metric","10","Yageo","RC0402FR-0775RL","",""
"R40","76.8k 0.1% TPS56637 FB high","Resistor_SMD:R_0603_1608Metric","1","Yageo","RT0603BRD0776K8L","",""
"R777","78.7k 1% VBUS sense top divider","Resistor_SMD:R_0603_1608Metric","1","Yageo","RC0603FR-0778K7L","",""
"R206","8.2k fan FG pull-up","Resistor_SMD:R_0603_1608Metric","1","Yageo","RC0603FR-078K2L","",""
"C2001,C2041","820n 10V TPD4S201 VPWR","Capacitor_SMD:C_0805_2012Metric","2","Murata","GRM21BR71A824KA01L","",""
"R921","88.7k 1% (262-342mA 5V header limit)","Resistor_SMD:R_0603_1608Metric","1","Yageo","RC0603FR-0788K7L","",""
"R2080,R2090","887k 0.1% 15V eFuse UV/OV top","Resistor_SMD:R_0603_1608Metric","2","Yageo","RT0603BRD07887KL","",""
"RS11","8mOhm 1% 2W BQ77915 current shunt","Resistor_SMD:R_2512_6332Metric","1","Vishay Dale","WSLP25128L000FEA","",""
"R1705","91.0k 1% core FB top","Resistor_SMD:R_0603_1608Metric","1","Yageo","RC0603FR-0791KL","",""
"R740","97.6k 0.1% AUX PGOOD threshold bottom","Resistor_SMD:R_0603_1608Metric","1","Yageo","RT0603BRD0797K6L","",""
"Y400","ABM8-24.000MHZ-10-1-U-T 24MHz 10pF CL","Crystal:Crystal_SMD_3225-4Pin_3.2x2.5mm","1","Abracon","ABM8-24.000MHZ-10-1-U-T","",""
"Y410","ABM8G-106-12.000MHZ-T 12MHz 10pF CL","Crystal:Crystal_SMD_3225-4Pin_3.2x2.5mm","1","Abracon","ABM8G-106-12.000MHZ-T","",""
"TP11","AON_FAULT_N test","TestPoint:TestPoint_Pad_D1.0mm","1","","","",""
"J190","AUX/SOLAR protected screw terminal 6-22V nominal","TerminalBlock_Phoenix:TerminalBlock_Phoenix_MKDS-1,5-2-5.08_1x02_P5.08mm_Horizontal","1","Phoenix Contact","1715022","",""
"Y900","Abracon ABM8-272-T3 12MHz","Crystal:Crystal_SMD_3225-4Pin_3.2x2.5mm","1","Abracon","ABM8-272-T3","",""
"J40","Amphenol MDT420E01001 E-key Wi-Fi/Bluetooth socket","ducktop2:Amphenol_MDT420E01001_H4.2","1","Amphenol","MDT420E01001","",""
"J10","Amphenol MDT420M01001 M-key NVMe socket (PCIe x4)","ducktop2:Amphenol_MDT420M01001_H4.2","1","Amphenol","MDT420M01001","",""
"D710,D711,D712,D713","B340A 3A 40V EC always-on OR","Diode_SMD:D_SMA","4","Diodes Incorporated","B340A-13-F","",""
"D2080,D2090","B340A eFuse output negative-transient clamp","Diode_SMD:D_SMA","2","Diodes Incorporated","B340A-13-F","",""
"D716","BAT54WS case button to Mu PWRBTN","Diode_SMD:D_SOD-323","1","Diodes Incorporated","BAT54WS-7-F","",""
"D715","BAT54WS case button to charger QON","Diode_SMD:D_SOD-323","1","Diodes Incorporated","BAT54WS-7-F","",""
"SW4","BOOT0 (DFU)","Button_Switch_SMD:SW_SPST_B3S-1000","1","Omron","B3S-1000","",""
"U2","BQ25798RQMR","Package_DFN_QFN:Texas_RQM0029A_VQFN-29_4x4mm_P0.4mm","1","Texas Instruments","BQ25798RQMR","",""
"U10","BQ34Z100-G1 protected-pack gauge","Package_SO:TSSOP-14_4.4x5mm_P0.65mm","1","Texas Instruments","BQ34Z100PWR-G1","",""
"U719","BQ7791500PWR autonomous 3S primary protector","Package_SO:TSSOP-24_4.4x7.8mm_P0.65mm","1","Texas Instruments","BQ7791500PWR","",""
"Q50","BSS138 HDMI bias gate","Package_TO_SOT_SMD:SOT-23","1","onsemi","BSS138LT1G","",""
"Q702","BSS138 QON open-drain pulse","Package_TO_SOT_SMD:SOT-23","1","onsemi","BSS138LT1G","",""
"Q700","BSS138 active-high charger enable pull-down","Package_TO_SOT_SMD:SOT-23","1","onsemi","BSS138LT1G","",""
"Q751","BSS138 active-high enable release","Package_TO_SOT_SMD:SOT-23","1","onsemi","BSS138LT1G","",""
"Q750","BSS138 fail-off EN/UVLO clamp","Package_TO_SOT_SMD:SOT-23","1","onsemi","BSS138LT1G","",""
"Q14","BSS138 fast reverse-gate pulldown","Package_TO_SOT_SMD:SOT-23","1","onsemi","BSS138LT1G","",""
"Q701","BSS138 pack protector latch reset","Package_TO_SOT_SMD:SOT-23","1","onsemi","BSS138LT1G","",""
"U2002,U2012","CAT24C256 32KB private TPS25751A EEPROM","Package_SO:SOIC-8_3.9x4.9mm_P1.27mm","2","onsemi","CAT24C256WI-GT3","",""
"TP9","CHG_INT_N test","TestPoint:TestPoint_Pad_D1.0mm","1","","","",""
"Q25","CSD17575Q3 BQ25798 ship FET","ducktop2:CSD19537Q3_DQG","1","Texas Instruments","CSD17575Q3","",""
"Q704","CSD18540Q5B BQ77915 charge FET","ducktop2:CSD18540Q5B_DNK","1","Texas Instruments","CSD18540Q5B","",""
"Q703","CSD18540Q5B BQ77915 discharge FET","ducktop2:CSD18540Q5B_DNK","1","Texas Instruments","CSD18540Q5B","",""
"Q11","CSD18540Q5B reverse-pack FET A","ducktop2:CSD18540Q5B_DNK","1","Texas Instruments","CSD18540Q5B","",""
"Q12","CSD18540Q5B reverse-pack FET B","ducktop2:CSD18540Q5B_DNK","1","Texas Instruments","CSD18540Q5B","",""
"Q13","CSD19537Q3 100V AUX reverse FET","ducktop2:CSD19537Q3_DQG","1","Texas Instruments","CSD19537Q3","",""
"J422","CUI SJ1-3535NG rear 3.5mm stereo headphone jack","Connector_Audio:Jack_3.5mm_CUI_SJ1-3535NG_Horizontal","1","CUI Devices","SJ1-3535NG","",""
"J16","Case power/reset button harness: GND/CASE_PWR/RESET","Connector_JST:JST_SH_SM03B-SRSS-TB_1x03-1MP_P1.00mm_Horizontal","1","JST","SM03B-SRSS-TB","",""
"LED1","Charge STAT","LED_SMD:LED_0603_1608Metric","1","Kingbright","APT1608SGC","",""
"U501,U502","D3V3XA4B10LP-7 four-channel 0.3pF Ethernet ESD","Package_DFN_QFN:Diodes_UDFN-10_1x2.5mm_P0.5mm","2","Diodes Incorporated","D3V3XA4B10LP-7","",""
"A2","DFR1149 LattePanda Mu N305 16GB/64GB removable module","","1","DFRobot","DFR1149","",""
"R506","DNP 0R direct shield-to-GND option","Resistor_SMD:R_1206_3216Metric","1","","","DNP",""
"R904","DNP 10k QSPI CS pull-up","Resistor_SMD:R_0402_1005Metric","1","","","DNP",""
"R764,R765","DNP 2.2R 0.25W switch-node snubber","Resistor_SMD:R_1206_3216Metric","2","Panasonic","ERJ-8RQF2R2V","DNP",""
"C768,C769","DNP 2.2n 250V X7R switch-node snubber","Capacitor_SMD:C_0805_2012Metric","2","Murata","GRM21AR72E222KW01D","DNP",""
"J50","DNP EC USB probe","Connector_PinHeader_2.54mm:PinHeader_1x04_P2.54mm_Vertical","1","","","DNP",""
"J8","DNP Mu SIO UART debug header (3.3V, SIO console; probe via TP16/TP17)","Connector_PinHeader_2.54mm:PinHeader_1x04_P2.54mm_Vertical","1","","","DNP",""
"J52","Delta BFB04512HHA-CZ0T: GND, fused 12V, FG, PWM","Connector_JST:JST_GH_SM04B-GHS-TB_1x04-1MP_P1.25mm_Horizontal","1","JST","SM04B-GHS-TB","",""
"Y500","ECS-250-8-33-AGN-TR 25MHz 8pF crystal","Crystal:Crystal_SMD_3225-4Pin_3.2x2.5mm","1","ECS Inc.","ECS-250-8-33-AGN-TR","",""
"TP4","EC_AON_IN test","TestPoint:TestPoint_Pad_D1.0mm","1","","","",""
"J30","External HDMI-A from TCP0","Connector_Video:HDMI_A_Molex_208658-1001_Horizontal","1","Molex","208658-1001","",""
"J2300","FH12-30S 30-pin radio daughterboard FFC","Connector_FFC-FPC:Hirose_FH12-30S-0.5SH_1x30-1MP_P0.50mm_Horizontal","1","Hirose Electric","FH12-30S-0.5SH(55)","",""
"J58","Field-soldered trackpad USB2 cable: GND/D-/D+/VBUS","ducktop2:USB2_Trackpad_Cable_SolderPads_1x04_P2.54mm","1","","","",""
"TP1","GND test","TestPoint:TestPoint_Pad_D1.0mm","1","","","",""
"U1742,U1762,U1782","HD3SS6126RUAR USB3 orientation mux","Package_DFN_QFN:WQFN-42-1EP_3.5x9mm_P0.5mm_EP2.05x7.55mm_ThermalVias","3","Texas Instruments","HD3SS6126RUAR","",""
"MK430","IM68A130V01 bottom-port analog MEMS microphone","ducktop2:Infineon_IM68A130V01","1","Infineon Technologies","IM68A130V01XTMA1","",""
"TP15","Internal USB VBUS fault test","TestPoint:TestPoint_Pad_D1.0mm","1","","","",""
"TP13","Internal USB VBUS test","TestPoint:TestPoint_Pad_D1.0mm","1","","","",""
"TP14","Internal USB VBUS valid test","TestPoint:TestPoint_Pad_D1.0mm","1","","","",""
"Y1","J32SMX-K-F-G-I-8M0 8MHz CL8pF","Crystal:Crystal_SMD_3225-4Pin_3.2x2.5mm","1","Jauch Quartz","J32SMX-K-F-G-I-8M0","",""
"J901","JST PUD 2x20 protected maker GPIO/power; NOT A PI HAT","Connector_JST:JST_PUD_B40B-PUDSS_2x20_P2.00mm_Vertical","1","JST","B40B-PUDSS","",""
"J500","JXD1-1022NL recessed 1GbE RJ45","ducktop2:JXD1-1022NL_MidMount","1","Pulse Electronics / Yageo","JXD1-1022NL","",""
"U430","LP5907MFX-2.8/NOPB low-noise microphone LDO","Package_TO_SOT_SMD:SOT-23-5","1","Texas Instruments","LP5907MFX-2.8/NOPB","",""
"U11","LTC4368IMS-1 bidirectional pack protector","Package_SO:MSOP-10_3x3mm_P0.5mm","1","Analog Devices","LTC4368IMS-1#PBF","",""
"U14","LTC4418IUF#PBF dual-input PD selector","ducktop2:ADI_UF20_QFN20_4x4_P0.5_EP2.45","1","Analog Devices","LTC4418IUF#PBF","",""
"U15","LTC4418IUF#PBF dual-input selector","ducktop2:ADI_UF20_QFN20_4x4_P0.5_EP2.45","1","Analog Devices","LTC4418IUF#PBF","",""
"J420","Left 8-ohm BTL speaker; pin 1 +, pin 2 -","Connector_JST:JST_GH_SM02B-GHS-TB_1x02-1MP_P1.25mm_Horizontal","1","JST","SM02B-GHS-TB","",""
"J53","Lid/hall switch","Connector_JST:JST_GH_SM02B-GHS-TB_1x02-1MP_P1.25mm_Horizontal","1","JST","SM02B-GHS-TB","",""
"H4","M.2 E-key 2230 M2 grounded standoff 2.5mm","ducktop2:SMT_Standoff_M2_H2.5_C4_Tail2.7x1.5","1","Unbranded","M2XC4X2.5+C2.7X1.5","",""
"H3","M.2 M-key 2280 M2 grounded standoff 2.5mm","ducktop2:SMT_Standoff_M2_H2.5_C4_Tail2.7x1.5","1","Unbranded","M2XC4X2.5+C2.7X1.5","",""
"H10,H11,H12,H13,H14,H15,H16,H17,H21,H22,H23,H24,H25,H26,H27","M2.5 isolated mainboard mounting hole","MountingHole:MountingHole_2.7mm_M2.5","15","","","",""
"TP7","MCU_3V3 test","TestPoint:TestPoint_Pad_D1.0mm","1","","","",""
"L420,L421,L422,L423","MPZ1608S221A 220R@100MHz speaker EMI bead","Inductor_SMD:L_0603_1608Metric","4","TDK","MPZ1608S221A","",""
"TP8","MU_12V test","TestPoint:TestPoint_Pad_D1.0mm","1","","","",""
"TP12","MU_12V_PG test","TestPoint:TestPoint_Pad_D1.0mm","1","","","",""
"J310","Mainboard keyboard FFC to MX ULP daughterboard","Connector_FFC-FPC:Hirose_FH12-30S-0.5SH_1x30-1MP_P0.50mm_Horizontal","1","Hirose","FH12-30S-0.5SH(55)","",""
"SW901","Maker BOOTSEL","Button_Switch_SMD:SW_SPST_B3S-1000","1","Omron","B3S-1000","",""
"SW900","Maker reset/RUN","Button_Switch_SMD:SW_SPST_B3S-1000","1","Omron","B3S-1000","",""
"SW2","Mu Power","Button_Switch_SMD:SW_SPST_B3S-1000","1","Omron","B3S-1000","",""
"SW3","Mu Reset","Button_Switch_SMD:SW_SPST_B3S-1000","1","Omron","B3S-1000","",""
"TP17","Mu SIO UART RX probe pad","TestPoint:TestPoint_Pad_D1.0mm","1","","","",""
"TP16","Mu SIO UART TX probe pad","TestPoint:TestPoint_Pad_D1.0mm","1","","","",""
"J56","Mu heatsink/spreader NTC","Connector_JST:JST_GH_SM02B-GHS-TB_1x02-1MP_P1.25mm_Horizontal","1","JST","SM02B-GHS-TB","",""
"TP10","PACK_FAULT_N test","TestPoint:TestPoint_Pad_D1.0mm","1","","","",""
"TP2","PACK_POS_FUSED test","TestPoint:TestPoint_Pad_D1.0mm","1","","","",""
"U51","PCA9306DCTR HDMI DDC level translator","Package_SO:SSOP-8_2.95x2.8mm_P0.65mm","1","Texas Instruments","PCA9306DCTR","",""
"U410","PCM2900CDBR USB Audio Class stereo codec","Package_SO:SSOP-28_5.3x10.2mm_P0.65mm","1","Texas Instruments","PCM2900CDBR","",""
"U901","RP2350A","Package_DFN_QFN:QFN-60-1EP_7x7mm_P0.4mm_EP3.4x3.4mm_ThermalVias","1","Raspberry Pi","RP2350A (A4 stepping)","",""
"U500","RTL8111H-CG-RH PCIe Gigabit Ethernet","Package_DFN_QFN:QFN-32-1EP_4x4mm_P0.4mm_EP2.65x2.65mm","1","Realtek","RTL8111H-CG-RH","",""
"J73","Rear USB-C EC firmware programming port (UFP/DFU)","Connector_USB:USB_C_Receptacle_Molex_105450-0101","1","Molex","105450-0101","",""
"SW1","Reset","Button_Switch_SMD:SW_SPST_B3S-1000","1","Omron","B3S-1000","",""
"J421","Right 8-ohm BTL speaker; pin 1 +, pin 2 -","Connector_JST:JST_GH_SM02B-GHS-TB_1x02-1MP_P1.25mm_Horizontal","1","JST","SM02B-GHS-TB","",""
"D190","SMCJ24CA bidirectional AUX surge clamp","Diode_SMD:D_SMC","1","Vishay","SMCJ24CA-E3/57T","",""
"U311","SN74AHCT1G126 keyboard RGB 3V3-to-5V buffer","Package_TO_SOT_SMD:SOT-23-5","1","Texas Instruments","SN74AHCT1G126DBVR","",""
"U910","SN74CB3T3245PWR maker header isolation bank 1","Package_SO:TSSOP-20_4.4x6.5mm_P0.65mm","1","Texas Instruments","SN74CB3T3245PWR","",""
"U911","SN74CB3T3245PWR maker header isolation bank 2","Package_SO:TSSOP-20_4.4x6.5mm_P0.65mm","1","Texas Instruments","SN74CB3T3245PWR","",""
"U912","SN74CB3T3245PWR maker header isolation bank 3","Package_SO:TSSOP-20_4.4x6.5mm_P0.65mm","1","Texas Instruments","SN74CB3T3245PWR","",""
"U913","SN74CB3T3245PWR maker header isolation bank 4","Package_SO:TSSOP-20_4.4x6.5mm_P0.65mm","1","Texas Instruments","SN74CB3T3245PWR","",""
"U2006,U2016","SN74LVC1G08 DFP and attached qualifier","Package_TO_SOT_SMD:SOT-23-5","2","Texas Instruments","SN74LVC1G08DBVR","",""
"U1704","SN74LVC1G08 hub 3V3/core-PG reset gate","Package_TO_SOT_SMD:SOT-23-5","1","Texas Instruments","SN74LVC1G08DBVR","",""
"U46","SN74LVC1G08DBVR EC-reset-qualified service mux reset","Package_TO_SOT_SMD:SOT-23-5","1","Texas Instruments","SN74LVC1G08DBVR","",""
"U421","SN74LVC1G08DBVR SSPND AND EC audio enable","Package_TO_SOT_SMD:SOT-23-5","1","Texas Instruments","SN74LVC1G08DBVR","",""
"U769","SN74LVC1G08DBVR qualified host-active AND","Package_TO_SOT_SMD:SOT-23-5","1","Texas Instruments","SN74LVC1G08DBVR","",""
"U53","SN74LVC1G17DBVR HDMI HPD buffer","Package_TO_SOT_SMD:SOT-23-5","1","Texas Instruments","SN74LVC1G17DBVR","",""
"U2302","SN74LVC1G17DBVR radio PG level restore","Package_TO_SOT_SMD:SOT-23-5","1","Texas Instruments","SN74LVC1G17DBVR","",""
"U2004,U2014","SN74LVC2G07 partial-power-down mux controls","Package_TO_SOT_SMD:SOT-363_SC-70-6","2","Texas Instruments","SN74LVC2G07DCKR","",""
"U170","SN74LVC3G34DCUR E-key control isolation","Package_SO:VSSOP-8_2.3x2mm_P0.5mm","1","Texas Instruments","SN74LVC3G34DCUR","",""
"J41","SSD1306 OLED A 4-pin GND/VDD/SCK/SDA","ducktop2:SSD1306_0.96in_Module_4Pin","1","","","",""
"J45","SSD1306 OLED B 4-pin GND/VDD/SCK/SDA","ducktop2:SSD1306_0.96in_Module_4Pin","1","","","",""
"U4","STM32F407VGTx","Package_QFP:LQFP-100_14x14mm_P0.5mm","1","STMicroelectronics","STM32F407VGT6","",""
"TP6","SYS_3V3 test","TestPoint:TestPoint_Pad_D1.0mm","1","","","",""
"TP5","SYS_5V test","TestPoint:TestPoint_Pad_D1.0mm","1","","","",""
"Q15,Q16,Q17,Q18,Q21,Q22,Q23,Q24","SiSS4409DN 40V reverse-blocking PMOS","Package_SO:Vishay_PowerPAK_1212-8_Single","8","Vishay","SiSS4409DN-T1-GE3","",""
"J54","Skin/hinge NTC","Connector_JST:JST_GH_SM02B-GHS-TB_1x02-1MP_P1.25mm_Horizontal","1","JST","SM02B-GHS-TB","",""
"J4","TC2030 Cortex SWD: VTref/SWDIO/NRST/SWCLK/GND/NC","Connector:Tag-Connect_TC2030-IDC-NL_2x03_P1.27mm_Vertical","1","","","",""
"J902","TC2030 Cortex SWD: VTref/SWDIO/RUN/SWCLK/GND/NC","Connector:Tag-Connect_TC2030-IDC-NL_2x03_P1.27mm_Vertical","1","","","",""
"U44","TCA9539PWR resettable source manager @0x74","Package_SO:TSSOP-24_4.4x7.8mm_P0.65mm","1","Texas Instruments","TCA9539PWR","",""
"U45","TCA9548A service I2C mux @0x70","Package_SO:TSSOP-24_4.4x7.8mm_P0.65mm","1","Texas Instruments","TCA9548APWR","",""
"A1","TE 2309411-1 LattePanda Mu host socket/interface","Module_LattePanda:LattePanda_Module_H8.0mm_Horizontal","1","TE Connectivity","2309411-1","",""
"U1702","TLV803EA29 USB hub reset supervisor","Package_TO_SOT_SMD:SOT-23-3","1","Texas Instruments","TLV803EA29RDBZR","",""
"U401","TLV803EA29RDBZR 2.93V reset supervisor","Package_TO_SOT_SMD:SOT-23-3","1","Texas Instruments","TLV803EA29RDBZR","",""
"U922","TLV803EA29RDBZR maker header rail supervisor","Package_TO_SOT_SMD:SOT-23-3","1","Texas Instruments","TLV803EA29RDBZR","",""
"U2301","TLV803EA43 4.3V radio rail supervisor","Package_TO_SOT_SMD:SOT-23-3","1","Texas Instruments","TLV803EA43RDBZR","",""
"U431","TLV9061IDBVR microphone preamplifier","Package_TO_SOT_SMD:SOT-23-5","1","Texas Instruments","TLV9061IDBVR","",""
"U420","TPA2012D2RTJR stereo BTL class-D amplifier","Package_DFN_QFN:WQFN-20-1EP_4x4mm_P0.5mm_EP2.7x2.7mm_ThermalVias","1","Texas Instruments","TPA2012D2RTJR","",""
"U425","TPA6130A2RTJR DirectPath stereo headphone amp","Package_DFN_QFN:WQFN-20-1EP_4x4mm_P0.5mm_EP2.7x2.7mm_ThermalVias","1","Texas Instruments","TPA6130A2RTJR","",""
"U50","TPD13S523PWR HDMI control ESD / 5V switch","Package_SO:TSSOP-16_4.4x5mm_P0.65mm","1","Texas Instruments","TPD13S523PWR","",""
"D1800,D1801,D1802,D1803,D1804,D1805,D1806,D1807,D1808,D1809,D1810,D1811,D1812,D1813,D1814,D1815,D1816,D1817,D1818,D1819,D1820,D1821,D1822,D1823,D2100,D2101,D2102,D2103,D2104,D2105,D2106,D2107,D2120,D2121,D2122,D2123,D2124,D2125,D2126,D2127","TPD1E0B04DPLR 0.13pF USB3 ESD","Diode_SMD:D_0201_0603Metric","40","Texas Instruments","TPD1E0B04DPLR","",""
"D150,D151,D152,D153,D154,D155,D156,D157","TPD1E0B04DPLR HDMI TMDS ESD (0.15pF max)","Diode_SMD:D_0201_0603Metric","8","Texas Instruments","TPD1E0B04DPLR","",""
"U1743,U1763,U1783","TPD1S514-1YZR 5.9V VBUS OVP","ducktop2:Texas_TPD1S514_YZ_WCSP-12_1.99x1.29mm_P0.5mm","3","Texas Instruments","TPD1S514-1YZR","",""
"U1745,U1765,U1785","TPD4E05U06 USB2/CC ESD","Package_SON:USON-10_2.5x1.0mm_P0.5mm","3","Texas Instruments","TPD4E05U06DQAR","",""
"U1802","TPD4E05U06 USB3-A SuperSpeed ESD","Package_SON:USON-10_2.5x1.0mm_P0.5mm","1","Texas Instruments","TPD4E05U06DQAR","",""
"U62","TPD4E05U06 wired trackpad USB2 ESD","Package_SON:USON-10_2.5x1.0mm_P0.5mm","1","Texas Instruments","TPD4E05U06DQAR","",""
"U914","TPD4E05U06DQAR maker header ESD bank 1","Package_SON:USON-10_2.5x1.0mm_P0.5mm","1","Texas Instruments","TPD4E05U06DQAR","",""
"U915","TPD4E05U06DQAR maker header ESD bank 2","Package_SON:USON-10_2.5x1.0mm_P0.5mm","1","Texas Instruments","TPD4E05U06DQAR","",""
"U916","TPD4E05U06DQAR maker header ESD bank 3","Package_SON:USON-10_2.5x1.0mm_P0.5mm","1","Texas Instruments","TPD4E05U06DQAR","",""
"U917","TPD4E05U06DQAR maker header ESD bank 4","Package_SON:USON-10_2.5x1.0mm_P0.5mm","1","Texas Instruments","TPD4E05U06DQAR","",""
"U918","TPD4E05U06DQAR maker header ESD bank 5","Package_SON:USON-10_2.5x1.0mm_P0.5mm","1","Texas Instruments","TPD4E05U06DQAR","",""
"U919","TPD4E05U06DQAR maker header ESD bank 6","Package_SON:USON-10_2.5x1.0mm_P0.5mm","1","Texas Instruments","TPD4E05U06DQAR","",""
"U920","TPD4E05U06DQAR maker header ESD bank 7","Package_SON:USON-10_2.5x1.0mm_P0.5mm","1","Texas Instruments","TPD4E05U06DQAR","",""
"U921","TPD4E05U06DQAR maker header ESD bank 8","Package_SON:USON-10_2.5x1.0mm_P0.5mm","1","Texas Instruments","TPD4E05U06DQAR","",""
"U2001,U2011","TPD4S201 CC and USB2 short-to-VBUS protector","Package_DFN_QFN:Texas_RUK0020B_WQFN-20-1EP_3x3mm_P0.4mm_EP1.7x1.7mm_ThermalVias","2","Texas Instruments","TPD4S201RUKR","",""
"U402","TPS2052BDR dual 500mA USB power switch","Package_SO:SOIC-8_3.9x4.9mm_P1.27mm","1","Texas Instruments","TPS2052BDR","",""
"U55","TPS22975NDSGR host-active SYS_3V3 switch","Package_SON:Texas_DSG0008A_WSON-8-1EP_2x2mm_P0.5mm_EP0.9x1.6mm","1","Texas Instruments","TPS22975NDSGR","",""
"U54","TPS22975NDSGR host-active SYS_5V switch","Package_SON:Texas_DSG0008A_WSON-8-1EP_2x2mm_P0.5mm_EP0.9x1.6mm","1","Texas Instruments","TPS22975NDSGR","",""
"U772","TPS22975NDSGR switched PCIe endpoint 3V3","Package_SON:Texas_DSG0008A_WSON-8-1EP_2x2mm_P0.5mm_EP0.9x1.6mm","1","Texas Instruments","TPS22975NDSGR","",""
"U310","TPS2553D keyboard RGB 5V switch 0.40A nominal","Package_TO_SOT_SMD:SOT-23-6","1","Texas Instruments","TPS2553DDBVR","",""
"U2304","TPS2553D radio codec VBUS gate 0.20A","Package_TO_SOT_SMD:SOT-23-6","1","Texas Instruments","TPS2553DBVR","",""
"U1740,U1760,U1780","TPS2553DDBVR 1.3A USB branch","Package_TO_SOT_SMD:SOT-23-6","3","Texas Instruments","TPS2553DDBVR","",""
"U905","TPS2553DDBVR 3V3 header, 120mA nominal","Package_TO_SOT_SMD:SOT-23-6","1","Texas Instruments","TPS2553DDBVR","",""
"U904","TPS2553DDBVR 5V header, 300mA nominal","Package_TO_SOT_SMD:SOT-23-6","1","Texas Instruments","TPS2553DDBVR","",""
"U1803","TPS2553DDBVR USB2-A VBUS branch 1.3A","Package_TO_SOT_SMD:SOT-23-6","1","Texas Instruments","TPS2553DDBVR","",""
"U1800","TPS2553DDBVR USB3-A VBUS branch 1.3A","Package_TO_SOT_SMD:SOT-23-6","1","Texas Instruments","TPS2553DDBVR","",""
"U770","TPS2553DDBVR internal host VBUS 0.61A","Package_TO_SOT_SMD:SOT-23-6","1","Texas Instruments","TPS2553DDBVR","",""
"U64","TPS2553DDBVR trackpad 0.61A branch switch","Package_TO_SOT_SMD:SOT-23-6","1","Texas Instruments","TPS2553DDBVR","",""
"U41,U42","TPS25751AD USB-PD DRP controller","Package_DFN_QFN:Texas_REF0038A_WQFN-38-2EP_6x4mm_P0.4","2","Texas Instruments","TPS25751ADREFR","",""
"U1741,U1761,U1781","TPS25810RVCR Type-C DFP controller","Package_DFN_QFN:Texas_RVC0020A_WQFN-20-1EP_3x4mm_P0.5mm_EP1.6x2.6mm","3","Texas Instruments","TPS25810RVCR","",""
"U2300","TPS259470ARPW 2A reverse-blocking radio eFuse","ducktop2:Texas_RPW0010A_VQFN-HR-10_2x2mm","1","Texas Instruments","TPS259470ARPW","",""
"U718","TPS259470ARPW aggregate EC AON eFuse","ducktop2:Texas_RPW0010A_VQFN-HR-10_2x2mm","1","Texas Instruments","TPS259470ARPW","",""
"U12","TPS26630RGER 3A AUX eFuse / surge cutoff","Package_DFN_QFN:Texas_RGE0024H_VQFN-24-1EP_4x4mm_P0.5mm_EP2.7x2.7mm_ThermalVias","1","Texas Instruments","TPS26630RGER","",""
"U720","TPS26630RGER PD1 default-off 3A sink eFuse","Package_DFN_QFN:Texas_RGE0024H_VQFN-24-1EP_4x4mm_P0.5mm_EP2.7x2.7mm_ThermalVias","1","Texas Instruments","TPS26630RGER","",""
"U721","TPS26630RGER PD2 default-off 3A sink eFuse","Package_DFN_QFN:Texas_RGE0024H_VQFN-24-1EP_4x4mm_P0.5mm_EP2.7x2.7mm_ThermalVias","1","Texas Instruments","TPS26630RGER","",""
"U771","TPS3897ADRYR internal VBUS supervisor (always-powered)","Package_SON:Texas_USON-6_1x1.45mm_P0.5mm_SMD","1","Texas Instruments","TPS3897ADRYR","",""
"U5","TPS54202DDC","Package_TO_SOT_SMD:SOT-23-6","1","Texas Instruments","TPS54202DDCR","",""
"U750","TPS552892RYQR 12V buck-boost","ducktop2:Texas_RYQ0021A_VQFN-HR-21_3x5mm","1","Texas Instruments","TPS552892RYQR","",""
"U773","TPS56637RPAR VSYS -> PCIE_3V3_IN (3.32V, 6A class, dedicated endpoint rail)","ducktop2:Texas_RPA0010A_VQFN-HR-10_3x3mm","1","Texas Instruments","TPS56637RPAR","",""
"U7","TPS56637RPAR VSYS -> SYS_3V3 (3.32V, 6A class)","ducktop2:Texas_RPA0010A_VQFN-HR-10_3x3mm","1","Texas Instruments","TPS56637RPAR","",""
"U6","TPS56637RPAR VSYS -> SYS_5V (5.10V, 6A class)","ducktop2:Texas_RPA0010A_VQFN-HR-10_3x3mm","1","Texas Instruments","TPS56637RPAR","",""
"U1703","TPS56637RPAR VSYS to USB_PORT_5V 5.06V nominal","ducktop2:Texas_RPA0010A_VQFN-HR-10_3x3mm","1","Texas Instruments","TPS56637RPAR","",""
"U903","TPS62821DLC 1A adjustable buck","Package_SON:Texas_VSON-HR-8_1.5x2mm_P0.5mm","1","Texas Instruments","TPS62821DLCR","",""
"U1701","TPS62823DLC 3A USB7206C 1.146V core buck","Package_SON:Texas_VSON-HR-8_1.5x2mm_P0.5mm","1","Texas Instruments","TPS62823DLC","",""
"U2003,U2013","TS3USB30E DFP-qualified USB2 disconnect","Package_SO:TSSOP-10_3x3mm_P0.5mm","2","Texas Instruments","TS3USB30EDGSR","",""
"U2303","TS3USB30E default-disconnected radio codec USB switch","Package_SO:TSSOP-10_3x3mm_P0.5mm","1","Texas Instruments","TS3USB30EDGSR","",""
"U61","TS3USB30EDGSR EC USB host-state isolation","Package_SO:TSSOP-10_3x3mm_P0.5mm","1","Texas Instruments","TS3USB30EDGSR","",""
"U906","TS3USB30EDGSR maker USB host-state isolation","Package_SO:TSSOP-10_3x3mm_P0.5mm","1","Texas Instruments","TS3USB30EDGSR","",""
"U2000,U2010","TUSB1142 USB 3.2 Gen 2 orientation redriver","Package_DFN_QFN:Texas_RNQ0040A_WQFN-40-1EP_6x4mm_P0.4mm_EP4.7x2.7mm_ThermalVias","2","Texas Instruments","TUSB1142IRNQR","",""
"U2005,U2015","TVS2200 22V USB VBUS surge clamp","Package_SON:WSON-6-1EP_2x2mm_P0.65mm_EP1x1.6mm","2","Texas Instruments","TVS2200DRVR","",""
"J25","USB 2.0 Type-A internal header (hub DIS6)","Connector_USB:USB_A_Receptacle_GCT_USB1046","1","GCT","USB1046-GF-L","",""
"J24","USB 3.0 Type-A internal header (hub DIS5)","Connector_USB:USB_A_Receptacle_XKB_U231-091N-4BLRA00-S","1","XKB Connectivity","U231-091N-4BLRA00-S","",""
"J11","USB-C dual-role data/PD port J11","Connector_USB:USB_C_Receptacle_Molex_105450-0101","1","Molex","105450-0101","",""
"J21","USB-C dual-role data/PD port J21","Connector_USB:USB_C_Receptacle_Molex_105450-0101","1","Molex","105450-0101","",""
"J12","USB-C source-only data port J12","Connector_USB:USB_C_Receptacle_Molex_105450-0101","1","Molex","105450-0101","",""
"J22","USB-C source-only data port J22","Connector_USB:USB_C_Receptacle_Molex_105450-0101","1","Molex","105450-0101","",""
"J23","USB-C source-only data port J23","Connector_USB:USB_C_Receptacle_Molex_105450-0101","1","Molex","105450-0101","",""
"U400","USB2512B-AEZG-TR two-port HS multi-TT hub","Package_DFN_QFN:QFN-36-1EP_6x6mm_P0.5mm_EP3.7x3.7mm_ThermalVias","1","Microchip Technology","USB2512B-AEZG-TR","",""
"U1700","USB7206C-I/KDX six-port USB 3.2 Gen 2 hub","Package_DFN_QFN:VQFN-100-1EP_12x12mm_P0.4mm_EP8x8mm_ThermalVias","1","Microchip","USB7206C-I/KDX","",""
"U63","USBLC6-2P6 EC DFU USB ESD","Package_TO_SOT_SMD:SOT-666","1","STMicroelectronics","USBLC6-2P6","",""
"U60","USBLC6-2P6 EC USB ESD","Package_TO_SOT_SMD:SOT-666","1","STMicroelectronics","USBLC6-2P6","",""
"U1804","USBLC6-2P6 USB2-A D+/D- ESD","Package_TO_SOT_SMD:SOT-666","1","STMicroelectronics","USBLC6-2P6","",""
"U1801","USBLC6-2P6 USB3-A D+/D- ESD","Package_TO_SOT_SMD:SOT-666","1","STMicroelectronics","USBLC6-2P6","",""
"U900","USBLC6-2P6 maker USB ESD","Package_TO_SOT_SMD:SOT-666","1","STMicroelectronics","USBLC6-2P6","",""
"U2305","USBLC6-2P6 radio codec USB ESD","Package_TO_SOT_SMD:SOT-666","1","STMicroelectronics","USBLC6-2P6","",""
"TP3","VSYS test","TestPoint:TestPoint_Pad_D1.0mm","1","","","",""
"U902","W25Q32RVXHJQ 32Mbit (4MiB)","Package_SON:Winbond_USON-8-1EP_3x2mm_P0.5mm_EP0.2x1.6mm","1","Winbond","W25Q32RVXHJQ","",""
"H1","Wurth 9774055243R Mu M2 standoff 5.5mm A","ducktop2:Wurth_9774055243R_M2_H5.5","1","Wurth Elektronik","9774055243R","",""
"H2","Wurth 9774055243R Mu M2 standoff 5.5mm B","ducktop2:Wurth_9774055243R_M2_H5.5","1","Wurth Elektronik","9774055243R","",""
"Y2","X1A000141000612 32.768kHz CL6pF","Crystal:Crystal_SMD_3215-2Pin_3.2x1.5mm","1","Epson","X1A000141000612","",""
"L1702,L5","XAL7070-222MEC 2.2uH 19.6A Isat30%","Inductor_SMD:L_Coilcraft_XAL7070-XXX","2","Coilcraft","XAL7070-222MEC","",""
"L4","XAL7070-332MEC 3.3uH 19.4A Isat30%","Inductor_SMD:L_Coilcraft_XAL7070-XXX","1","Coilcraft","XAL7070-332MEC","",""
"LED430","green microphone-active indicator","LED_SMD:LED_0603_1608Metric","1","Kingbright","APT1608SGC","",""
