switch,led,key,bank,slot,anode,red_cathode,green_cathode,blue_cathode,red_register,green_register,blue_register
SW320,LED320,Esc 1u,1,1,RGB_SW01,RGB_RED01,RGB_CS02,RGB_CS03,1,2,3
SW321,LED321,1 1u,1,2,RGB_SW01,RGB_RED04,RGB_CS05,RGB_CS06,4,5,6
SW322,LED322,2 1u,1,3,RGB_SW01,RGB_RED07,RGB_CS08,RGB_CS09,7,8,9
SW323,LED323,3 1u,1,4,RGB_SW01,RGB_RED10,RGB_CS11,RGB_CS12,10,11,12
SW324,LED324,4 1u,1,5,RGB_SW01,RGB_RED13,RGB_CS14,RGB_CS15,13,14,15
SW325,LED325,5 1u,1,6,RGB_SW01,RGB_RED16,RGB_CS17,RGB_CS18,16,17,18
SW326,LED326,6 1u,2,1,RGB_SW02,RGB_RED01,RGB_CS02,RGB_CS03,19,20,21
SW327,LED327,7 1u,2,2,RGB_SW02,RGB_RED04,RGB_CS05,RGB_CS06,22,23,24
SW328,LED328,8 1u,2,3,RGB_SW02,RGB_RED07,RGB_CS08,RGB_CS09,25,26,27
SW329,LED329,9 1u,2,4,RGB_SW02,RGB_RED10,RGB_CS11,RGB_CS12,28,29,30
SW330,LED330,0 1u,2,5,RGB_SW02,RGB_RED13,RGB_CS14,RGB_CS15,31,32,33
SW331,LED331,Minus 1u,2,6,RGB_SW02,RGB_RED16,RGB_CS17,RGB_CS18,34,35,36
SW332,LED332,Equal 1u,3,1,RGB_SW03,RGB_RED01,RGB_CS02,RGB_CS03,37,38,39
SW333,LED333,Backspace 1.75u,3,2,RGB_SW03,RGB_RED04,RGB_CS05,RGB_CS06,40,41,42
SW334,LED334,Tab 1.25u,5,4,RGB_SW05,RGB_RED10,RGB_CS11,RGB_CS12,82,83,84
SW335,LED335,Q 1u,5,3,RGB_SW05,RGB_RED07,RGB_CS08,RGB_CS09,79,80,81
SW336,LED336,W 1u,5,2,RGB_SW05,RGB_RED04,RGB_CS05,RGB_CS06,76,77,78
SW337,LED337,E 1u,5,1,RGB_SW05,RGB_RED01,RGB_CS02,RGB_CS03,73,74,75
SW338,LED338,R 1u,4,6,RGB_SW04,RGB_RED16,RGB_CS17,RGB_CS18,70,71,72
SW339,LED339,T 1u,4,5,RGB_SW04,RGB_RED13,RGB_CS14,RGB_CS15,67,68,69
SW340,LED340,Y 1u,4,4,RGB_SW04,RGB_RED10,RGB_CS11,RGB_CS12,64,65,66
SW341,LED341,U 1u,4,3,RGB_SW04,RGB_RED07,RGB_CS08,RGB_CS09,61,62,63
SW342,LED342,I 1u,4,2,RGB_SW04,RGB_RED04,RGB_CS05,RGB_CS06,58,59,60
SW343,LED343,O 1u,4,1,RGB_SW04,RGB_RED01,RGB_CS02,RGB_CS03,55,56,57
SW344,LED344,P 1u,3,6,RGB_SW03,RGB_RED16,RGB_CS17,RGB_CS18,52,53,54
SW345,LED345,[ 1u,3,5,RGB_SW03,RGB_RED13,RGB_CS14,RGB_CS15,49,50,51
SW346,LED346,] 1u,3,4,RGB_SW03,RGB_RED10,RGB_CS11,RGB_CS12,46,47,48
SW347,LED347,Backslash 1u,3,3,RGB_SW03,RGB_RED07,RGB_CS08,RGB_CS09,43,44,45
SW348,LED348,Caps 1.5u,5,5,RGB_SW05,RGB_RED13,RGB_CS14,RGB_CS15,85,86,87
SW349,LED349,A 1u,5,6,RGB_SW05,RGB_RED16,RGB_CS17,RGB_CS18,88,89,90
SW350,LED350,S 1u,6,1,RGB_SW06,RGB_RED01,RGB_CS02,RGB_CS03,91,92,93
SW351,LED351,D 1u,6,2,RGB_SW06,RGB_RED04,RGB_CS05,RGB_CS06,94,95,96
SW352,LED352,F 1u,6,3,RGB_SW06,RGB_RED07,RGB_CS08,RGB_CS09,97,98,99
SW353,LED353,G 1u,6,4,RGB_SW06,RGB_RED10,RGB_CS11,RGB_CS12,100,101,102
SW354,LED354,H 1u,6,5,RGB_SW06,RGB_RED13,RGB_CS14,RGB_CS15,103,104,105
SW355,LED355,J 1u,6,6,RGB_SW06,RGB_RED16,RGB_CS17,RGB_CS18,106,107,108
SW356,LED356,K 1u,7,1,RGB_SW07,RGB_RED01,RGB_CS02,RGB_CS03,109,110,111
SW357,LED357,L 1u,7,2,RGB_SW07,RGB_RED04,RGB_CS05,RGB_CS06,112,113,114
SW358,LED358,Semicolon 1u,7,3,RGB_SW07,RGB_RED07,RGB_CS08,RGB_CS09,115,116,117
SW359,LED359,Quote 1u,7,4,RGB_SW07,RGB_RED10,RGB_CS11,RGB_CS12,118,119,120
SW360,LED360,Enter 1.75u,7,5,RGB_SW07,RGB_RED13,RGB_CS14,RGB_CS15,121,122,123
SW361,LED361,Shift L 1.75u,9,6,RGB_SW09,RGB_RED16,RGB_CS17,RGB_CS18,160,161,162
SW362,LED362,Z 1u,9,5,RGB_SW09,RGB_RED13,RGB_CS14,RGB_CS15,157,158,159
SW363,LED363,X 1u,9,4,RGB_SW09,RGB_RED10,RGB_CS11,RGB_CS12,154,155,156
SW364,LED364,C 1u,9,3,RGB_SW09,RGB_RED07,RGB_CS08,RGB_CS09,151,152,153
SW365,LED365,V 1u,9,2,RGB_SW09,RGB_RED04,RGB_CS05,RGB_CS06,148,149,150
SW366,LED366,B 1u,9,1,RGB_SW09,RGB_RED01,RGB_CS02,RGB_CS03,145,146,147
SW367,LED367,N 1u,8,6,RGB_SW08,RGB_RED16,RGB_CS17,RGB_CS18,142,143,144
SW368,LED368,M 1u,8,5,RGB_SW08,RGB_RED13,RGB_CS14,RGB_CS15,139,140,141
SW369,LED369,Comma 1u,8,4,RGB_SW08,RGB_RED10,RGB_CS11,RGB_CS12,136,137,138
SW370,LED370,Period 1u,8,3,RGB_SW08,RGB_RED07,RGB_CS08,RGB_CS09,133,134,135
SW371,LED371,Slash 1u,8,2,RGB_SW08,RGB_RED04,RGB_CS05,RGB_CS06,130,131,132
SW372,LED372,Up 1u,8,1,RGB_SW08,RGB_RED01,RGB_CS02,RGB_CS03,127,128,129
SW373,LED373,Shift R 1.25u,7,6,RGB_SW07,RGB_RED16,RGB_CS17,RGB_CS18,124,125,126
SW374,LED374,Ctrl 1u,10,1,RGB_SW10,RGB_RED01,RGB_CS02,RGB_CS03,163,164,165
SW375,LED375,Fn 1u,10,2,RGB_SW10,RGB_RED04,RGB_CS05,RGB_CS06,166,167,168
SW376,LED376,Super 1u,10,3,RGB_SW10,RGB_RED07,RGB_CS08,RGB_CS09,169,170,171
SW377,LED377,Alt L 1u,10,4,RGB_SW10,RGB_RED10,RGB_CS11,RGB_CS12,172,173,174
SW378,LED378,Space L 2.25u,10,5,RGB_SW10,RGB_RED13,RGB_CS14,RGB_CS15,175,176,177
SW379,LED379,Space R 2.25u,10,6,RGB_SW10,RGB_RED16,RGB_CS17,RGB_CS18,178,179,180
SW380,LED380,Alt R 1u,11,1,RGB_SW11,RGB_RED01,RGB_CS02,RGB_CS03,181,182,183
SW381,LED381,Menu 1u,11,2,RGB_SW11,RGB_RED04,RGB_CS05,RGB_CS06,184,185,186
SW382,LED382,Left 1u,11,3,RGB_SW11,RGB_RED07,RGB_CS08,RGB_CS09,187,188,189
SW383,LED383,Down 1u,11,4,RGB_SW11,RGB_RED10,RGB_CS11,RGB_CS12,190,191,192
SW384,LED384,Right 1u,11,5,RGB_SW11,RGB_RED13,RGB_CS14,RGB_CS15,193,194,195
