Reference,Pad,X_mm,Y_mm,Width_mm,Height_mm,Net
SW372,1,243.85,58.3,0.7,3.4,KB_R3_C11_UP
SW372,2,246.3,58.3,0.7,3.4,KB_COL11
SW372,MP,238.3,52.1,1.6,3.8,GND
SW372,MP,238.3,60.5,1.6,3.0,GND
SW372,MP,250.7,50.975,1.6,1.8,GND
SW372,MP,250.7,56.0,1.6,2.6,GND
SW372,MP,250.7,61.025,1.6,1.8,GND
SW330,1,205.6,10.3,0.7,3.4,KB_R0_C10_0
SW330,2,208.05,10.3,0.7,3.4,KB_COL10
SW330,MP,200.05,4.1,1.6,3.8,GND
SW330,MP,200.05,12.5,1.6,3.0,GND
SW330,MP,212.45,2.975,1.6,1.8,GND
SW330,MP,212.45,8.0,1.6,2.6,GND
SW330,MP,212.45,13.025,1.6,1.8,GND
SW347,1,268.6,26.3,0.7,3.4,KB_R1_C13_BSLASH
SW347,2,271.05,26.3,0.7,3.4,KB_COL13
SW347,MP,263.05,20.1,1.6,3.8,GND
SW347,MP,263.05,28.5,1.6,3.0,GND
SW347,MP,275.45,18.975,1.6,1.8,GND
SW347,MP,275.45,24.0,1.6,2.6,GND
SW347,MP,275.45,29.025,1.6,1.8,GND
SW343,1,196.6,26.3,0.7,3.4,KB_R1_C9_O
SW343,2,199.05,26.3,0.7,3.4,KB_COL9
SW343,MP,191.05,20.1,1.6,3.8,GND
SW343,MP,191.05,28.5,1.6,3.0,GND
SW343,MP,203.45,18.975,1.6,1.8,GND
SW343,MP,203.45,24.0,1.6,2.6,GND
SW343,MP,203.45,29.025,1.6,1.8,GND
SW344,1,214.6,26.3,0.7,3.4,KB_R1_C10_P
SW344,2,217.05,26.3,0.7,3.4,KB_COL10
SW344,MP,209.05,20.1,1.6,3.8,GND
SW344,MP,209.05,28.5,1.6,3.0,GND
SW344,MP,221.45,18.975,1.6,1.8,GND
SW344,MP,221.45,24.0,1.6,2.6,GND
SW344,MP,221.45,29.025,1.6,1.8,GND
SW329,1,187.6,10.3,0.7,3.4,KB_R0_C9_9
SW329,2,190.05,10.3,0.7,3.4,KB_COL9
SW329,MP,182.05,4.1,1.6,3.8,GND
SW329,MP,182.05,12.5,1.6,3.0,GND
SW329,MP,194.45,2.975,1.6,1.8,GND
SW329,MP,194.45,8.0,1.6,2.6,GND
SW329,MP,194.45,13.025,1.6,1.8,GND
SW369,1,189.85,58.3,0.7,3.4,KB_R3_C8_COMMA
SW369,2,192.3,58.3,0.7,3.4,KB_COL8
SW369,MP,184.3,52.1,1.6,3.8,GND
SW369,MP,184.3,60.5,1.6,3.0,GND
SW369,MP,196.7,50.975,1.6,1.8,GND
SW369,MP,196.7,56.0,1.6,2.6,GND
SW369,MP,196.7,61.025,1.6,1.8,GND
SW362,1,63.85,58.3,0.7,3.4,KB_R3_C1_Z
SW362,2,66.3,58.3,0.7,3.4,KB_COL1
SW362,MP,58.3,52.1,1.6,3.8,GND
SW362,MP,58.3,60.5,1.6,3.0,GND
SW362,MP,70.7,50.975,1.6,1.8,GND
SW362,MP,70.7,56.0,1.6,2.6,GND
SW362,MP,70.7,61.025,1.6,1.8,GND
SW355,1,165.1,42.3,0.7,3.4,KB_R2_C7_J
SW355,2,167.55,42.3,0.7,3.4,KB_COL7
SW355,MP,159.55,36.1,1.6,3.8,GND
SW355,MP,159.55,44.5,1.6,3.0,GND
SW355,MP,171.95,34.975,1.6,1.8,GND
SW355,MP,171.95,40.0,1.6,2.6,GND
SW355,MP,171.95,45.025,1.6,1.8,GND
SW354,1,147.1,42.3,0.7,3.4,KB_R2_C6_H
SW354,2,149.55,42.3,0.7,3.4,KB_COL6
SW354,MP,141.55,36.1,1.6,3.8,GND
SW354,MP,141.55,44.5,1.6,3.0,GND
SW354,MP,153.95,34.975,1.6,1.8,GND
SW354,MP,153.95,40.0,1.6,2.6,GND
SW354,MP,153.95,45.025,1.6,1.8,GND
SW370,1,207.85,58.3,0.7,3.4,KB_R3_C9_PERIOD
SW370,2,210.3,58.3,0.7,3.4,KB_COL9
SW370,MP,202.3,52.1,1.6,3.8,GND
SW370,MP,202.3,60.5,1.6,3.0,GND
SW370,MP,214.7,50.975,1.6,1.8,GND
SW370,MP,214.7,56.0,1.6,2.6,GND
SW370,MP,214.7,61.025,1.6,1.8,GND
SW322,1,61.6,10.3,0.7,3.4,KB_R0_C2_2
SW322,2,64.05,10.3,0.7,3.4,KB_COL2
SW322,MP,56.05,4.1,1.6,3.8,GND
SW322,MP,56.05,12.5,1.6,3.0,GND
SW322,MP,68.45,2.975,1.6,1.8,GND
SW322,MP,68.45,8.0,1.6,2.6,GND
SW322,MP,68.45,13.025,1.6,1.8,GND
SW324,1,97.6,10.3,0.7,3.4,KB_R0_C4_4
SW324,2,100.05,10.3,0.7,3.4,KB_COL4
SW324,MP,92.05,4.1,1.6,3.8,GND
SW324,MP,92.05,12.5,1.6,3.0,GND
SW324,MP,104.45,2.975,1.6,1.8,GND
SW324,MP,104.45,8.0,1.6,2.6,GND
SW324,MP,104.45,13.025,1.6,1.8,GND
SW367,1,153.85,58.3,0.7,3.4,KB_R3_C6_N
SW367,2,156.3,58.3,0.7,3.4,KB_COL6
SW367,MP,148.3,52.1,1.6,3.8,GND
SW367,MP,148.3,60.5,1.6,3.0,GND
SW367,MP,160.7,50.975,1.6,1.8,GND
SW367,MP,160.7,56.0,1.6,2.6,GND
SW367,MP,160.7,61.025,1.6,1.8,GND
SW365,1,117.85,58.3,0.7,3.4,KB_R3_C4_V
SW365,2,120.3,58.3,0.7,3.4,KB_COL4
SW365,MP,112.3,52.1,1.6,3.8,GND
SW365,MP,112.3,60.5,1.6,3.0,GND
SW365,MP,124.7,50.975,1.6,1.8,GND
SW365,MP,124.7,56.0,1.6,2.6,GND
SW365,MP,124.7,61.025,1.6,1.8,GND
SW340,1,142.6,26.3,0.7,3.4,KB_R1_C6_Y
SW340,2,145.05,26.3,0.7,3.4,KB_COL6
SW340,MP,137.05,20.1,1.6,3.8,GND
SW340,MP,137.05,28.5,1.6,3.0,GND
SW340,MP,149.45,18.975,1.6,1.8,GND
SW340,MP,149.45,24.0,1.6,2.6,GND
SW340,MP,149.45,29.025,1.6,1.8,GND
SW326,1,133.6,10.3,0.7,3.4,KB_R0_C6_6
SW326,2,136.05,10.3,0.7,3.4,KB_COL6
SW326,MP,128.05,4.1,1.6,3.8,GND
SW326,MP,128.05,12.5,1.6,3.0,GND
SW326,MP,140.45,2.975,1.6,1.8,GND
SW326,MP,140.45,8.0,1.6,2.6,GND
SW326,MP,140.45,13.025,1.6,1.8,GND
SW357,1,201.1,42.3,0.7,3.4,KB_R2_C9_L
SW357,2,203.55,42.3,0.7,3.4,KB_COL9
SW357,MP,195.55,36.1,1.6,3.8,GND
SW357,MP,195.55,44.5,1.6,3.0,GND
SW357,MP,207.95,34.975,1.6,1.8,GND
SW357,MP,207.95,40.0,1.6,2.6,GND
SW357,MP,207.95,45.025,1.6,1.8,GND
SW325,1,115.6,10.3,0.7,3.4,KB_R0_C5_5
SW325,2,118.05,10.3,0.7,3.4,KB_COL5
SW325,MP,110.05,4.1,1.6,3.8,GND
SW325,MP,110.05,12.5,1.6,3.0,GND
SW325,MP,122.45,2.975,1.6,1.8,GND
SW325,MP,122.45,8.0,1.6,2.6,GND
SW325,MP,122.45,13.025,1.6,1.8,GND
SW378,1,111.1,74.3,0.7,3.4,KB_R4_C4_SPACE_L
SW378,2,113.55,74.3,0.7,3.4,KB_COL4
SW378,MP,105.55,68.1,1.6,3.8,GND
SW378,MP,105.55,76.5,1.6,3.0,GND
SW378,MP,117.95,66.975,1.6,1.8,GND
SW378,MP,117.95,72.0,1.6,2.6,GND
SW378,MP,117.95,77.025,1.6,1.8,GND
SW328,1,169.6,10.3,0.7,3.4,KB_R0_C8_8
SW328,2,172.05,10.3,0.7,3.4,KB_COL8
SW328,MP,164.05,4.1,1.6,3.8,GND
SW328,MP,164.05,12.5,1.6,3.0,GND
SW328,MP,176.45,2.975,1.6,1.8,GND
SW328,MP,176.45,8.0,1.6,2.6,GND
SW328,MP,176.45,13.025,1.6,1.8,GND
SW332,1,241.6,10.3,0.7,3.4,KB_R0_C12_EQUAL
SW332,2,244.05,10.3,0.7,3.4,KB_COL12
SW332,MP,236.05,4.1,1.6,3.8,GND
SW332,MP,236.05,12.5,1.6,3.0,GND
SW332,MP,248.45,2.975,1.6,1.8,GND
SW332,MP,248.45,8.0,1.6,2.6,GND
SW332,MP,248.45,13.025,1.6,1.8,GND
SW363,1,81.85,58.3,0.7,3.4,KB_R3_C2_X
SW363,2,84.3,58.3,0.7,3.4,KB_COL2
SW363,MP,76.3,52.1,1.6,3.8,GND
SW363,MP,76.3,60.5,1.6,3.0,GND
SW363,MP,88.7,50.975,1.6,1.8,GND
SW363,MP,88.7,56.0,1.6,2.6,GND
SW363,MP,88.7,61.025,1.6,1.8,GND
SW371,1,225.85,58.3,0.7,3.4,KB_R3_C10_SLASH
SW371,2,228.3,58.3,0.7,3.4,KB_COL10
SW371,MP,220.3,52.1,1.6,3.8,GND
SW371,MP,220.3,60.5,1.6,3.0,GND
SW371,MP,232.7,50.975,1.6,1.8,GND
SW371,MP,232.7,56.0,1.6,2.6,GND
SW371,MP,232.7,61.025,1.6,1.8,GND
SW339,1,124.6,26.3,0.7,3.4,KB_R1_C5_T
SW339,2,127.05,26.3,0.7,3.4,KB_COL5
SW339,MP,119.05,20.1,1.6,3.8,GND
SW339,MP,119.05,28.5,1.6,3.0,GND
SW339,MP,131.45,18.975,1.6,1.8,GND
SW339,MP,131.45,24.0,1.6,2.6,GND
SW339,MP,131.45,29.025,1.6,1.8,GND
SW383,1,252.85,74.3,0.7,3.4,KB_R4_C10_DOWN
SW383,2,255.3,74.3,0.7,3.4,KB_COL10
SW383,MP,247.3,68.1,1.6,3.8,GND
SW383,MP,247.3,76.5,1.6,3.0,GND
SW383,MP,259.7,66.975,1.6,1.8,GND
SW383,MP,259.7,72.0,1.6,2.6,GND
SW383,MP,259.7,77.025,1.6,1.8,GND
SW331,1,223.6,10.3,0.7,3.4,KB_R0_C11_MINUS
SW331,2,226.05,10.3,0.7,3.4,KB_COL11
SW331,MP,218.05,4.1,1.6,3.8,GND
SW331,MP,218.05,12.5,1.6,3.0,GND
SW331,MP,230.45,2.975,1.6,1.8,GND
SW331,MP,230.45,8.0,1.6,2.6,GND
SW331,MP,230.45,13.025,1.6,1.8,GND
SW361,1,39.1,58.3,0.7,3.4,KB_R3_C0_LSHIFT
SW361,2,41.55,58.3,0.7,3.4,KB_COL0
SW361,MP,33.55,52.1,1.6,3.8,GND
SW361,MP,33.55,60.5,1.6,3.0,GND
SW361,MP,45.95,50.975,1.6,1.8,GND
SW361,MP,45.95,56.0,1.6,2.6,GND
SW361,MP,45.95,61.025,1.6,1.8,GND
SW359,1,237.1,42.3,0.7,3.4,KB_R2_C11_QUOTE
SW359,2,239.55,42.3,0.7,3.4,KB_COL11
SW359,MP,231.55,36.1,1.6,3.8,GND
SW359,MP,231.55,44.5,1.6,3.0,GND
SW359,MP,243.95,34.975,1.6,1.8,GND
SW359,MP,243.95,40.0,1.6,2.6,GND
SW359,MP,243.95,45.025,1.6,1.8,GND
SW368,1,171.85,58.3,0.7,3.4,KB_R3_C7_M
SW368,2,174.3,58.3,0.7,3.4,KB_COL7
SW368,MP,166.3,52.1,1.6,3.8,GND
SW368,MP,166.3,60.5,1.6,3.0,GND
SW368,MP,178.7,50.975,1.6,1.8,GND
SW368,MP,178.7,56.0,1.6,2.6,GND
SW368,MP,178.7,61.025,1.6,1.8,GND
SW384,1,270.85,74.3,0.7,3.4,KB_R4_C11_RIGHT
SW384,2,273.3,74.3,0.7,3.4,KB_COL11
SW384,MP,265.3,68.1,1.6,3.8,GND
SW384,MP,265.3,76.5,1.6,3.0,GND
SW384,MP,277.7,66.975,1.6,1.8,GND
SW384,MP,277.7,72.0,1.6,2.6,GND
SW384,MP,277.7,77.025,1.6,1.8,GND
SW379,1,151.6,74.3,0.7,3.4,KB_R4_C5_SPACE_R
SW379,2,154.05,74.3,0.7,3.4,KB_COL5
SW379,MP,146.05,68.1,1.6,3.8,GND
SW379,MP,146.05,76.5,1.6,3.0,GND
SW379,MP,158.45,66.975,1.6,1.8,GND
SW379,MP,158.45,72.0,1.6,2.6,GND
SW379,MP,158.45,77.025,1.6,1.8,GND
SW333,1,266.35,10.3,0.7,3.4,KB_R0_C13_BKSP
SW333,2,268.8,10.3,0.7,3.4,KB_COL13
SW333,MP,260.8,4.1,1.6,3.8,GND
SW333,MP,260.8,12.5,1.6,3.0,GND
SW333,MP,273.2,2.975,1.6,1.8,GND
SW333,MP,273.2,8.0,1.6,2.6,GND
SW333,MP,273.2,13.025,1.6,1.8,GND
SW336,1,70.6,26.3,0.7,3.4,KB_R1_C2_W
SW336,2,73.05,26.3,0.7,3.4,KB_COL2
SW336,MP,65.05,20.1,1.6,3.8,GND
SW336,MP,65.05,28.5,1.6,3.0,GND
SW336,MP,77.45,18.975,1.6,1.8,GND
SW336,MP,77.45,24.0,1.6,2.6,GND
SW336,MP,77.45,29.025,1.6,1.8,GND
SW351,1,93.1,42.3,0.7,3.4,KB_R2_C3_D
SW351,2,95.55,42.3,0.7,3.4,KB_COL3
SW351,MP,87.55,36.1,1.6,3.8,GND
SW351,MP,87.55,44.5,1.6,3.0,GND
SW351,MP,99.95,34.975,1.6,1.8,GND
SW351,MP,99.95,40.0,1.6,2.6,GND
SW351,MP,99.95,45.025,1.6,1.8,GND
SW338,1,106.6,26.3,0.7,3.4,KB_R1_C4_R
SW338,2,109.05,26.3,0.7,3.4,KB_COL4
SW338,MP,101.05,20.1,1.6,3.8,GND
SW338,MP,101.05,28.5,1.6,3.0,GND
SW338,MP,113.45,18.975,1.6,1.8,GND
SW338,MP,113.45,24.0,1.6,2.6,GND
SW338,MP,113.45,29.025,1.6,1.8,GND
SW380,1,180.85,74.3,0.7,3.4,KB_R4_C6_RALT
SW380,2,183.3,74.3,0.7,3.4,KB_COL6
SW380,MP,175.3,68.1,1.6,3.8,GND
SW380,MP,175.3,76.5,1.6,3.0,GND
SW380,MP,187.7,66.975,1.6,1.8,GND
SW380,MP,187.7,72.0,1.6,2.6,GND
SW380,MP,187.7,77.025,1.6,1.8,GND
SW335,1,52.6,26.3,0.7,3.4,KB_R1_C1_Q
SW335,2,55.05,26.3,0.7,3.4,KB_COL1
SW335,MP,47.05,20.1,1.6,3.8,GND
SW335,MP,47.05,28.5,1.6,3.0,GND
SW335,MP,59.45,18.975,1.6,1.8,GND
SW335,MP,59.45,24.0,1.6,2.6,GND
SW335,MP,59.45,29.025,1.6,1.8,GND
SW327,1,151.6,10.3,0.7,3.4,KB_R0_C7_7
SW327,2,154.05,10.3,0.7,3.4,KB_COL7
SW327,MP,146.05,4.1,1.6,3.8,GND
SW327,MP,146.05,12.5,1.6,3.0,GND
SW327,MP,158.45,2.975,1.6,1.8,GND
SW327,MP,158.45,8.0,1.6,2.6,GND
SW327,MP,158.45,13.025,1.6,1.8,GND
SW376,1,63.85,74.3,0.7,3.4,KB_R4_C2_SUPER
SW376,2,66.3,74.3,0.7,3.4,KB_COL2
SW376,MP,58.3,68.1,1.6,3.8,GND
SW376,MP,58.3,76.5,1.6,3.0,GND
SW376,MP,70.7,66.975,1.6,1.8,GND
SW376,MP,70.7,72.0,1.6,2.6,GND
SW376,MP,70.7,77.025,1.6,1.8,GND
SW323,1,79.6,10.3,0.7,3.4,KB_R0_C3_3
SW323,2,82.05,10.3,0.7,3.4,KB_COL3
SW323,MP,74.05,4.1,1.6,3.8,GND
SW323,MP,74.05,12.5,1.6,3.0,GND
SW323,MP,86.45,2.975,1.6,1.8,GND
SW323,MP,86.45,8.0,1.6,2.6,GND
SW323,MP,86.45,13.025,1.6,1.8,GND
SW320,1,25.6,10.3,0.7,3.4,KB_R0_C0_ESC
SW320,2,28.05,10.3,0.7,3.4,KB_COL0
SW320,MP,20.05,4.1,1.6,3.8,GND
SW320,MP,20.05,12.5,1.6,3.0,GND
SW320,MP,32.45,2.975,1.6,1.8,GND
SW320,MP,32.45,8.0,1.6,2.6,GND
SW320,MP,32.45,13.025,1.6,1.8,GND
SW374,1,27.85,74.3,0.7,3.4,KB_R4_C0_CTRL
SW374,2,30.3,74.3,0.7,3.4,KB_COL0
SW374,MP,22.3,68.1,1.6,3.8,GND
SW374,MP,22.3,76.5,1.6,3.0,GND
SW374,MP,34.7,66.975,1.6,1.8,GND
SW374,MP,34.7,72.0,1.6,2.6,GND
SW374,MP,34.7,77.025,1.6,1.8,GND
SW350,1,75.1,42.3,0.7,3.4,KB_R2_C2_S
SW350,2,77.55,42.3,0.7,3.4,KB_COL2
SW350,MP,69.55,36.1,1.6,3.8,GND
SW350,MP,69.55,44.5,1.6,3.0,GND
SW350,MP,81.95,34.975,1.6,1.8,GND
SW350,MP,81.95,40.0,1.6,2.6,GND
SW350,MP,81.95,45.025,1.6,1.8,GND
SW346,1,250.6,26.3,0.7,3.4,KB_R1_C12_RBRACKET
SW346,2,253.05,26.3,0.7,3.4,KB_COL12
SW346,MP,245.05,20.1,1.6,3.8,GND
SW346,MP,245.05,28.5,1.6,3.0,GND
SW346,MP,257.45,18.975,1.6,1.8,GND
SW346,MP,257.45,24.0,1.6,2.6,GND
SW346,MP,257.45,29.025,1.6,1.8,GND
SW352,1,111.1,42.3,0.7,3.4,KB_R2_C4_F
SW352,2,113.55,42.3,0.7,3.4,KB_COL4
SW352,MP,105.55,36.1,1.6,3.8,GND
SW352,MP,105.55,44.5,1.6,3.0,GND
SW352,MP,117.95,34.975,1.6,1.8,GND
SW352,MP,117.95,40.0,1.6,2.6,GND
SW352,MP,117.95,45.025,1.6,1.8,GND
SW356,1,183.1,42.3,0.7,3.4,KB_R2_C8_K
SW356,2,185.55,42.3,0.7,3.4,KB_COL8
SW356,MP,177.55,36.1,1.6,3.8,GND
SW356,MP,177.55,44.5,1.6,3.0,GND
SW356,MP,189.95,34.975,1.6,1.8,GND
SW356,MP,189.95,40.0,1.6,2.6,GND
SW356,MP,189.95,45.025,1.6,1.8,GND
SW349,1,57.1,42.3,0.7,3.4,KB_R2_C1_A
SW349,2,59.55,42.3,0.7,3.4,KB_COL1
SW349,MP,51.55,36.1,1.6,3.8,GND
SW349,MP,51.55,44.5,1.6,3.0,GND
SW349,MP,63.95,34.975,1.6,1.8,GND
SW349,MP,63.95,40.0,1.6,2.6,GND
SW349,MP,63.95,45.025,1.6,1.8,GND
SW360,1,261.85,42.3,0.7,3.4,KB_R2_C12_ENTER
SW360,2,264.3,42.3,0.7,3.4,KB_COL12
SW360,MP,256.3,36.1,1.6,3.8,GND
SW360,MP,256.3,44.5,1.6,3.0,GND
SW360,MP,268.7,34.975,1.6,1.8,GND
SW360,MP,268.7,40.0,1.6,2.6,GND
SW360,MP,268.7,45.025,1.6,1.8,GND
SW375,1,45.85,74.3,0.7,3.4,KB_R4_C1_FN
SW375,2,48.3,74.3,0.7,3.4,KB_COL1
SW375,MP,40.3,68.1,1.6,3.8,GND
SW375,MP,40.3,76.5,1.6,3.0,GND
SW375,MP,52.7,66.975,1.6,1.8,GND
SW375,MP,52.7,72.0,1.6,2.6,GND
SW375,MP,52.7,77.025,1.6,1.8,GND
SW377,1,81.85,74.3,0.7,3.4,KB_R4_C3_LALT
SW377,2,84.3,74.3,0.7,3.4,KB_COL3
SW377,MP,76.3,68.1,1.6,3.8,GND
SW377,MP,76.3,76.5,1.6,3.0,GND
SW377,MP,88.7,66.975,1.6,1.8,GND
SW377,MP,88.7,72.0,1.6,2.6,GND
SW377,MP,88.7,77.025,1.6,1.8,GND
SW348,1,34.6,42.3,0.7,3.4,KB_R2_C0_CAPS
SW348,2,37.05,42.3,0.7,3.4,KB_COL0
SW348,MP,29.05,36.1,1.6,3.8,GND
SW348,MP,29.05,44.5,1.6,3.0,GND
SW348,MP,41.45,34.975,1.6,1.8,GND
SW348,MP,41.45,40.0,1.6,2.6,GND
SW348,MP,41.45,45.025,1.6,1.8,GND
SW337,1,88.6,26.3,0.7,3.4,KB_R1_C3_E
SW337,2,91.05,26.3,0.7,3.4,KB_COL3
SW337,MP,83.05,20.1,1.6,3.8,GND
SW337,MP,83.05,28.5,1.6,3.0,GND
SW337,MP,95.45,18.975,1.6,1.8,GND
SW337,MP,95.45,24.0,1.6,2.6,GND
SW337,MP,95.45,29.025,1.6,1.8,GND
SW364,1,99.85,58.3,0.7,3.4,KB_R3_C3_C
SW364,2,102.3,58.3,0.7,3.4,KB_COL3
SW364,MP,94.3,52.1,1.6,3.8,GND
SW364,MP,94.3,60.5,1.6,3.0,GND
SW364,MP,106.7,50.975,1.6,1.8,GND
SW364,MP,106.7,56.0,1.6,2.6,GND
SW364,MP,106.7,61.025,1.6,1.8,GND
SW373,1,264.1,58.3,0.7,3.4,KB_R3_C12_RSHIFT
SW373,2,266.55,58.3,0.7,3.4,KB_COL12
SW373,MP,258.55,52.1,1.6,3.8,GND
SW373,MP,258.55,60.5,1.6,3.0,GND
SW373,MP,270.95,50.975,1.6,1.8,GND
SW373,MP,270.95,56.0,1.6,2.6,GND
SW373,MP,270.95,61.025,1.6,1.8,GND
SW353,1,129.1,42.3,0.7,3.4,KB_R2_C5_G
SW353,2,131.55,42.3,0.7,3.4,KB_COL5
SW353,MP,123.55,36.1,1.6,3.8,GND
SW353,MP,123.55,44.5,1.6,3.0,GND
SW353,MP,135.95,34.975,1.6,1.8,GND
SW353,MP,135.95,40.0,1.6,2.6,GND
SW353,MP,135.95,45.025,1.6,1.8,GND
SW345,1,232.6,26.3,0.7,3.4,KB_R1_C11_LBRACKET
SW345,2,235.05,26.3,0.7,3.4,KB_COL11
SW345,MP,227.05,20.1,1.6,3.8,GND
SW345,MP,227.05,28.5,1.6,3.0,GND
SW345,MP,239.45,18.975,1.6,1.8,GND
SW345,MP,239.45,24.0,1.6,2.6,GND
SW345,MP,239.45,29.025,1.6,1.8,GND
SW321,1,43.6,10.3,0.7,3.4,KB_R0_C1_1
SW321,2,46.05,10.3,0.7,3.4,KB_COL1
SW321,MP,38.05,4.1,1.6,3.8,GND
SW321,MP,38.05,12.5,1.6,3.0,GND
SW321,MP,50.45,2.975,1.6,1.8,GND
SW321,MP,50.45,8.0,1.6,2.6,GND
SW321,MP,50.45,13.025,1.6,1.8,GND
SW381,1,198.85,74.3,0.7,3.4,KB_R4_C7_MENU
SW381,2,201.3,74.3,0.7,3.4,KB_COL7
SW381,MP,193.3,68.1,1.6,3.8,GND
SW381,MP,193.3,76.5,1.6,3.0,GND
SW381,MP,205.7,66.975,1.6,1.8,GND
SW381,MP,205.7,72.0,1.6,2.6,GND
SW381,MP,205.7,77.025,1.6,1.8,GND
SW342,1,178.6,26.3,0.7,3.4,KB_R1_C8_I
SW342,2,181.05,26.3,0.7,3.4,KB_COL8
SW342,MP,173.05,20.1,1.6,3.8,GND
SW342,MP,173.05,28.5,1.6,3.0,GND
SW342,MP,185.45,18.975,1.6,1.8,GND
SW342,MP,185.45,24.0,1.6,2.6,GND
SW342,MP,185.45,29.025,1.6,1.8,GND
SW358,1,219.1,42.3,0.7,3.4,KB_R2_C10_SEMICOLON
SW358,2,221.55,42.3,0.7,3.4,KB_COL10
SW358,MP,213.55,36.1,1.6,3.8,GND
SW358,MP,213.55,44.5,1.6,3.0,GND
SW358,MP,225.95,34.975,1.6,1.8,GND
SW358,MP,225.95,40.0,1.6,2.6,GND
SW358,MP,225.95,45.025,1.6,1.8,GND
SW382,1,234.85,74.3,0.7,3.4,KB_R4_C9_LEFT
SW382,2,237.3,74.3,0.7,3.4,KB_COL9
SW382,MP,229.3,68.1,1.6,3.8,GND
SW382,MP,229.3,76.5,1.6,3.0,GND
SW382,MP,241.7,66.975,1.6,1.8,GND
SW382,MP,241.7,72.0,1.6,2.6,GND
SW382,MP,241.7,77.025,1.6,1.8,GND
SW334,1,32.35,26.3,0.7,3.4,KB_R1_C0_TAB
SW334,2,34.8,26.3,0.7,3.4,KB_COL0
SW334,MP,26.8,20.1,1.6,3.8,GND
SW334,MP,26.8,28.5,1.6,3.0,GND
SW334,MP,39.2,18.975,1.6,1.8,GND
SW334,MP,39.2,24.0,1.6,2.6,GND
SW334,MP,39.2,29.025,1.6,1.8,GND
SW366,1,135.85,58.3,0.7,3.4,KB_R3_C5_B
SW366,2,138.3,58.3,0.7,3.4,KB_COL5
SW366,MP,130.3,52.1,1.6,3.8,GND
SW366,MP,130.3,60.5,1.6,3.0,GND
SW366,MP,142.7,50.975,1.6,1.8,GND
SW366,MP,142.7,56.0,1.6,2.6,GND
SW366,MP,142.7,61.025,1.6,1.8,GND
SW341,1,160.6,26.3,0.7,3.4,KB_R1_C7_U
SW341,2,163.05,26.3,0.7,3.4,KB_COL7
SW341,MP,155.05,20.1,1.6,3.8,GND
SW341,MP,155.05,28.5,1.6,3.0,GND
SW341,MP,167.45,18.975,1.6,1.8,GND
SW341,MP,167.45,24.0,1.6,2.6,GND
SW341,MP,167.45,29.025,1.6,1.8,GND
