Reference,Value,Manufacturer,MPN,LCSC,Footprint,Assembly
D320,1N4148WS,"Jiangsu Changjing Electronics Technology Co., Ltd.",1N4148WS,C2128,ducktop2:D_SOD-323_JSCJ_1N4148WS,factory
D321,1N4148WS,"Jiangsu Changjing Electronics Technology Co., Ltd.",1N4148WS,C2128,ducktop2:D_SOD-323_JSCJ_1N4148WS,factory
D322,1N4148WS,"Jiangsu Changjing Electronics Technology Co., Ltd.",1N4148WS,C2128,ducktop2:D_SOD-323_JSCJ_1N4148WS,factory
D323,1N4148WS,"Jiangsu Changjing Electronics Technology Co., Ltd.",1N4148WS,C2128,ducktop2:D_SOD-323_JSCJ_1N4148WS,factory
D324,1N4148WS,"Jiangsu Changjing Electronics Technology Co., Ltd.",1N4148WS,C2128,ducktop2:D_SOD-323_JSCJ_1N4148WS,factory
D325,1N4148WS,"Jiangsu Changjing Electronics Technology Co., Ltd.",1N4148WS,C2128,ducktop2:D_SOD-323_JSCJ_1N4148WS,factory
D326,1N4148WS,"Jiangsu Changjing Electronics Technology Co., Ltd.",1N4148WS,C2128,ducktop2:D_SOD-323_JSCJ_1N4148WS,factory
D327,1N4148WS,"Jiangsu Changjing Electronics Technology Co., Ltd.",1N4148WS,C2128,ducktop2:D_SOD-323_JSCJ_1N4148WS,factory
D328,1N4148WS,"Jiangsu Changjing Electronics Technology Co., Ltd.",1N4148WS,C2128,ducktop2:D_SOD-323_JSCJ_1N4148WS,factory
D329,1N4148WS,"Jiangsu Changjing Electronics Technology Co., Ltd.",1N4148WS,C2128,ducktop2:D_SOD-323_JSCJ_1N4148WS,factory
D330,1N4148WS,"Jiangsu Changjing Electronics Technology Co., Ltd.",1N4148WS,C2128,ducktop2:D_SOD-323_JSCJ_1N4148WS,factory
D331,1N4148WS,"Jiangsu Changjing Electronics Technology Co., Ltd.",1N4148WS,C2128,ducktop2:D_SOD-323_JSCJ_1N4148WS,factory
D332,1N4148WS,"Jiangsu Changjing Electronics Technology Co., Ltd.",1N4148WS,C2128,ducktop2:D_SOD-323_JSCJ_1N4148WS,factory
D333,1N4148WS,"Jiangsu Changjing Electronics Technology Co., Ltd.",1N4148WS,C2128,ducktop2:D_SOD-323_JSCJ_1N4148WS,factory
D334,1N4148WS,"Jiangsu Changjing Electronics Technology Co., Ltd.",1N4148WS,C2128,ducktop2:D_SOD-323_JSCJ_1N4148WS,factory
D335,1N4148WS,"Jiangsu Changjing Electronics Technology Co., Ltd.",1N4148WS,C2128,ducktop2:D_SOD-323_JSCJ_1N4148WS,factory
D336,1N4148WS,"Jiangsu Changjing Electronics Technology Co., Ltd.",1N4148WS,C2128,ducktop2:D_SOD-323_JSCJ_1N4148WS,factory
D337,1N4148WS,"Jiangsu Changjing Electronics Technology Co., Ltd.",1N4148WS,C2128,ducktop2:D_SOD-323_JSCJ_1N4148WS,factory
D338,1N4148WS,"Jiangsu Changjing Electronics Technology Co., Ltd.",1N4148WS,C2128,ducktop2:D_SOD-323_JSCJ_1N4148WS,factory
D339,1N4148WS,"Jiangsu Changjing Electronics Technology Co., Ltd.",1N4148WS,C2128,ducktop2:D_SOD-323_JSCJ_1N4148WS,factory
D340,1N4148WS,"Jiangsu Changjing Electronics Technology Co., Ltd.",1N4148WS,C2128,ducktop2:D_SOD-323_JSCJ_1N4148WS,factory
D341,1N4148WS,"Jiangsu Changjing Electronics Technology Co., Ltd.",1N4148WS,C2128,ducktop2:D_SOD-323_JSCJ_1N4148WS,factory
D342,1N4148WS,"Jiangsu Changjing Electronics Technology Co., Ltd.",1N4148WS,C2128,ducktop2:D_SOD-323_JSCJ_1N4148WS,factory
D343,1N4148WS,"Jiangsu Changjing Electronics Technology Co., Ltd.",1N4148WS,C2128,ducktop2:D_SOD-323_JSCJ_1N4148WS,factory
D344,1N4148WS,"Jiangsu Changjing Electronics Technology Co., Ltd.",1N4148WS,C2128,ducktop2:D_SOD-323_JSCJ_1N4148WS,factory
D345,1N4148WS,"Jiangsu Changjing Electronics Technology Co., Ltd.",1N4148WS,C2128,ducktop2:D_SOD-323_JSCJ_1N4148WS,factory
D346,1N4148WS,"Jiangsu Changjing Electronics Technology Co., Ltd.",1N4148WS,C2128,ducktop2:D_SOD-323_JSCJ_1N4148WS,factory
D347,1N4148WS,"Jiangsu Changjing Electronics Technology Co., Ltd.",1N4148WS,C2128,ducktop2:D_SOD-323_JSCJ_1N4148WS,factory
D348,1N4148WS,"Jiangsu Changjing Electronics Technology Co., Ltd.",1N4148WS,C2128,ducktop2:D_SOD-323_JSCJ_1N4148WS,factory
D349,1N4148WS,"Jiangsu Changjing Electronics Technology Co., Ltd.",1N4148WS,C2128,ducktop2:D_SOD-323_JSCJ_1N4148WS,factory
D350,1N4148WS,"Jiangsu Changjing Electronics Technology Co., Ltd.",1N4148WS,C2128,ducktop2:D_SOD-323_JSCJ_1N4148WS,factory
D351,1N4148WS,"Jiangsu Changjing Electronics Technology Co., Ltd.",1N4148WS,C2128,ducktop2:D_SOD-323_JSCJ_1N4148WS,factory
D352,1N4148WS,"Jiangsu Changjing Electronics Technology Co., Ltd.",1N4148WS,C2128,ducktop2:D_SOD-323_JSCJ_1N4148WS,factory
D353,1N4148WS,"Jiangsu Changjing Electronics Technology Co., Ltd.",1N4148WS,C2128,ducktop2:D_SOD-323_JSCJ_1N4148WS,factory
D354,1N4148WS,"Jiangsu Changjing Electronics Technology Co., Ltd.",1N4148WS,C2128,ducktop2:D_SOD-323_JSCJ_1N4148WS,factory
D355,1N4148WS,"Jiangsu Changjing Electronics Technology Co., Ltd.",1N4148WS,C2128,ducktop2:D_SOD-323_JSCJ_1N4148WS,factory
D356,1N4148WS,"Jiangsu Changjing Electronics Technology Co., Ltd.",1N4148WS,C2128,ducktop2:D_SOD-323_JSCJ_1N4148WS,factory
D357,1N4148WS,"Jiangsu Changjing Electronics Technology Co., Ltd.",1N4148WS,C2128,ducktop2:D_SOD-323_JSCJ_1N4148WS,factory
D358,1N4148WS,"Jiangsu Changjing Electronics Technology Co., Ltd.",1N4148WS,C2128,ducktop2:D_SOD-323_JSCJ_1N4148WS,factory
D359,1N4148WS,"Jiangsu Changjing Electronics Technology Co., Ltd.",1N4148WS,C2128,ducktop2:D_SOD-323_JSCJ_1N4148WS,factory
D360,1N4148WS,"Jiangsu Changjing Electronics Technology Co., Ltd.",1N4148WS,C2128,ducktop2:D_SOD-323_JSCJ_1N4148WS,factory
D361,1N4148WS,"Jiangsu Changjing Electronics Technology Co., Ltd.",1N4148WS,C2128,ducktop2:D_SOD-323_JSCJ_1N4148WS,factory
D362,1N4148WS,"Jiangsu Changjing Electronics Technology Co., Ltd.",1N4148WS,C2128,ducktop2:D_SOD-323_JSCJ_1N4148WS,factory
D363,1N4148WS,"Jiangsu Changjing Electronics Technology Co., Ltd.",1N4148WS,C2128,ducktop2:D_SOD-323_JSCJ_1N4148WS,factory
D364,1N4148WS,"Jiangsu Changjing Electronics Technology Co., Ltd.",1N4148WS,C2128,ducktop2:D_SOD-323_JSCJ_1N4148WS,factory
D365,1N4148WS,"Jiangsu Changjing Electronics Technology Co., Ltd.",1N4148WS,C2128,ducktop2:D_SOD-323_JSCJ_1N4148WS,factory
D366,1N4148WS,"Jiangsu Changjing Electronics Technology Co., Ltd.",1N4148WS,C2128,ducktop2:D_SOD-323_JSCJ_1N4148WS,factory
D367,1N4148WS,"Jiangsu Changjing Electronics Technology Co., Ltd.",1N4148WS,C2128,ducktop2:D_SOD-323_JSCJ_1N4148WS,factory
D368,1N4148WS,"Jiangsu Changjing Electronics Technology Co., Ltd.",1N4148WS,C2128,ducktop2:D_SOD-323_JSCJ_1N4148WS,factory
D369,1N4148WS,"Jiangsu Changjing Electronics Technology Co., Ltd.",1N4148WS,C2128,ducktop2:D_SOD-323_JSCJ_1N4148WS,factory
D370,1N4148WS,"Jiangsu Changjing Electronics Technology Co., Ltd.",1N4148WS,C2128,ducktop2:D_SOD-323_JSCJ_1N4148WS,factory
D371,1N4148WS,"Jiangsu Changjing Electronics Technology Co., Ltd.",1N4148WS,C2128,ducktop2:D_SOD-323_JSCJ_1N4148WS,factory
D372,1N4148WS,"Jiangsu Changjing Electronics Technology Co., Ltd.",1N4148WS,C2128,ducktop2:D_SOD-323_JSCJ_1N4148WS,factory
D373,1N4148WS,"Jiangsu Changjing Electronics Technology Co., Ltd.",1N4148WS,C2128,ducktop2:D_SOD-323_JSCJ_1N4148WS,factory
D374,1N4148WS,"Jiangsu Changjing Electronics Technology Co., Ltd.",1N4148WS,C2128,ducktop2:D_SOD-323_JSCJ_1N4148WS,factory
D375,1N4148WS,"Jiangsu Changjing Electronics Technology Co., Ltd.",1N4148WS,C2128,ducktop2:D_SOD-323_JSCJ_1N4148WS,factory
D376,1N4148WS,"Jiangsu Changjing Electronics Technology Co., Ltd.",1N4148WS,C2128,ducktop2:D_SOD-323_JSCJ_1N4148WS,factory
D377,1N4148WS,"Jiangsu Changjing Electronics Technology Co., Ltd.",1N4148WS,C2128,ducktop2:D_SOD-323_JSCJ_1N4148WS,factory
D378,1N4148WS,"Jiangsu Changjing Electronics Technology Co., Ltd.",1N4148WS,C2128,ducktop2:D_SOD-323_JSCJ_1N4148WS,factory
D379,1N4148WS,"Jiangsu Changjing Electronics Technology Co., Ltd.",1N4148WS,C2128,ducktop2:D_SOD-323_JSCJ_1N4148WS,factory
D380,1N4148WS,"Jiangsu Changjing Electronics Technology Co., Ltd.",1N4148WS,C2128,ducktop2:D_SOD-323_JSCJ_1N4148WS,factory
D381,1N4148WS,"Jiangsu Changjing Electronics Technology Co., Ltd.",1N4148WS,C2128,ducktop2:D_SOD-323_JSCJ_1N4148WS,factory
D382,1N4148WS,"Jiangsu Changjing Electronics Technology Co., Ltd.",1N4148WS,C2128,ducktop2:D_SOD-323_JSCJ_1N4148WS,factory
D383,1N4148WS,"Jiangsu Changjing Electronics Technology Co., Ltd.",1N4148WS,C2128,ducktop2:D_SOD-323_JSCJ_1N4148WS,factory
D384,1N4148WS,"Jiangsu Changjing Electronics Technology Co., Ltd.",1N4148WS,C2128,ducktop2:D_SOD-323_JSCJ_1N4148WS,factory
J320,Keyboard FFC: MX ULP 5x14 matrix on 30-pin EC contract,Hirose,FH12-30S-0.5SH(55),C506793,Connector_FFC-FPC:Hirose_FH12-30S-0.5SH_1x30-1MP_P0.50mm_Horizontal,factory
SW320,Esc 1u,CHERRY,MX6C-T3NB,,ducktop2:Cherry_MX_ULP_SMD,customer switches
SW321,1 1u,CHERRY,MX6C-T3NB,,ducktop2:Cherry_MX_ULP_SMD,customer switches
SW322,2 1u,CHERRY,MX6C-T3NB,,ducktop2:Cherry_MX_ULP_SMD,customer switches
SW323,3 1u,CHERRY,MX6C-T3NB,,ducktop2:Cherry_MX_ULP_SMD,customer switches
SW324,4 1u,CHERRY,MX6C-T3NB,,ducktop2:Cherry_MX_ULP_SMD,customer switches
SW325,5 1u,CHERRY,MX6C-T3NB,,ducktop2:Cherry_MX_ULP_SMD,customer switches
SW326,6 1u,CHERRY,MX6C-T3NB,,ducktop2:Cherry_MX_ULP_SMD,customer switches
SW327,7 1u,CHERRY,MX6C-T3NB,,ducktop2:Cherry_MX_ULP_SMD,customer switches
SW328,8 1u,CHERRY,MX6C-T3NB,,ducktop2:Cherry_MX_ULP_SMD,customer switches
SW329,9 1u,CHERRY,MX6C-T3NB,,ducktop2:Cherry_MX_ULP_SMD,customer switches
SW330,0 1u,CHERRY,MX6C-T3NB,,ducktop2:Cherry_MX_ULP_SMD,customer switches
SW331,Minus 1u,CHERRY,MX6C-T3NB,,ducktop2:Cherry_MX_ULP_SMD,customer switches
SW332,Equal 1u,CHERRY,MX6C-T3NB,,ducktop2:Cherry_MX_ULP_SMD,customer switches
SW333,Backspace 1.75u,CHERRY,MX6C-T3NB,,ducktop2:Cherry_MX_ULP_SMD,customer switches
SW334,Tab 1.25u,CHERRY,MX6C-T3NB,,ducktop2:Cherry_MX_ULP_SMD,customer switches
SW335,Q 1u,CHERRY,MX6C-T3NB,,ducktop2:Cherry_MX_ULP_SMD,customer switches
SW336,W 1u,CHERRY,MX6C-T3NB,,ducktop2:Cherry_MX_ULP_SMD,customer switches
SW337,E 1u,CHERRY,MX6C-T3NB,,ducktop2:Cherry_MX_ULP_SMD,customer switches
SW338,R 1u,CHERRY,MX6C-T3NB,,ducktop2:Cherry_MX_ULP_SMD,customer switches
SW339,T 1u,CHERRY,MX6C-T3NB,,ducktop2:Cherry_MX_ULP_SMD,customer switches
SW340,Y 1u,CHERRY,MX6C-T3NB,,ducktop2:Cherry_MX_ULP_SMD,customer switches
SW341,U 1u,CHERRY,MX6C-T3NB,,ducktop2:Cherry_MX_ULP_SMD,customer switches
SW342,I 1u,CHERRY,MX6C-T3NB,,ducktop2:Cherry_MX_ULP_SMD,customer switches
SW343,O 1u,CHERRY,MX6C-T3NB,,ducktop2:Cherry_MX_ULP_SMD,customer switches
SW344,P 1u,CHERRY,MX6C-T3NB,,ducktop2:Cherry_MX_ULP_SMD,customer switches
SW345,[ 1u,CHERRY,MX6C-T3NB,,ducktop2:Cherry_MX_ULP_SMD,customer switches
SW346,] 1u,CHERRY,MX6C-T3NB,,ducktop2:Cherry_MX_ULP_SMD,customer switches
SW347,Backslash 1u,CHERRY,MX6C-T3NB,,ducktop2:Cherry_MX_ULP_SMD,customer switches
SW348,Caps 1.5u,CHERRY,MX6C-T3NB,,ducktop2:Cherry_MX_ULP_SMD,customer switches
SW349,A 1u,CHERRY,MX6C-T3NB,,ducktop2:Cherry_MX_ULP_SMD,customer switches
SW350,S 1u,CHERRY,MX6C-T3NB,,ducktop2:Cherry_MX_ULP_SMD,customer switches
SW351,D 1u,CHERRY,MX6C-T3NB,,ducktop2:Cherry_MX_ULP_SMD,customer switches
SW352,F 1u,CHERRY,MX6C-T3NB,,ducktop2:Cherry_MX_ULP_SMD,customer switches
SW353,G 1u,CHERRY,MX6C-T3NB,,ducktop2:Cherry_MX_ULP_SMD,customer switches
SW354,H 1u,CHERRY,MX6C-T3NB,,ducktop2:Cherry_MX_ULP_SMD,customer switches
SW355,J 1u,CHERRY,MX6C-T3NB,,ducktop2:Cherry_MX_ULP_SMD,customer switches
SW356,K 1u,CHERRY,MX6C-T3NB,,ducktop2:Cherry_MX_ULP_SMD,customer switches
SW357,L 1u,CHERRY,MX6C-T3NB,,ducktop2:Cherry_MX_ULP_SMD,customer switches
SW358,Semicolon 1u,CHERRY,MX6C-T3NB,,ducktop2:Cherry_MX_ULP_SMD,customer switches
SW359,Quote 1u,CHERRY,MX6C-T3NB,,ducktop2:Cherry_MX_ULP_SMD,customer switches
SW360,Enter 1.75u,CHERRY,MX6C-T3NB,,ducktop2:Cherry_MX_ULP_SMD,customer switches
SW361,Shift L 1.75u,CHERRY,MX6C-T3NB,,ducktop2:Cherry_MX_ULP_SMD,customer switches
SW362,Z 1u,CHERRY,MX6C-T3NB,,ducktop2:Cherry_MX_ULP_SMD,customer switches
SW363,X 1u,CHERRY,MX6C-T3NB,,ducktop2:Cherry_MX_ULP_SMD,customer switches
SW364,C 1u,CHERRY,MX6C-T3NB,,ducktop2:Cherry_MX_ULP_SMD,customer switches
SW365,V 1u,CHERRY,MX6C-T3NB,,ducktop2:Cherry_MX_ULP_SMD,customer switches
SW366,B 1u,CHERRY,MX6C-T3NB,,ducktop2:Cherry_MX_ULP_SMD,customer switches
SW367,N 1u,CHERRY,MX6C-T3NB,,ducktop2:Cherry_MX_ULP_SMD,customer switches
SW368,M 1u,CHERRY,MX6C-T3NB,,ducktop2:Cherry_MX_ULP_SMD,customer switches
SW369,Comma 1u,CHERRY,MX6C-T3NB,,ducktop2:Cherry_MX_ULP_SMD,customer switches
SW370,Period 1u,CHERRY,MX6C-T3NB,,ducktop2:Cherry_MX_ULP_SMD,customer switches
SW371,Slash 1u,CHERRY,MX6C-T3NB,,ducktop2:Cherry_MX_ULP_SMD,customer switches
SW372,Up 1u,CHERRY,MX6C-T3NB,,ducktop2:Cherry_MX_ULP_SMD,customer switches
SW373,Shift R 1.25u,CHERRY,MX6C-T3NB,,ducktop2:Cherry_MX_ULP_SMD,customer switches
SW374,Ctrl 1u,CHERRY,MX6C-T3NB,,ducktop2:Cherry_MX_ULP_SMD,customer switches
SW375,Fn 1u,CHERRY,MX6C-T3NB,,ducktop2:Cherry_MX_ULP_SMD,customer switches
SW376,Super 1u,CHERRY,MX6C-T3NB,,ducktop2:Cherry_MX_ULP_SMD,customer switches
SW377,Alt L 1u,CHERRY,MX6C-T3NB,,ducktop2:Cherry_MX_ULP_SMD,customer switches
SW378,Space L 2.25u,CHERRY,MX6C-T3NB,,ducktop2:Cherry_MX_ULP_SMD,customer switches
SW379,Space R 2.25u,CHERRY,MX6C-T3NB,,ducktop2:Cherry_MX_ULP_SMD,customer switches
SW380,Alt R 1u,CHERRY,MX6C-T3NB,,ducktop2:Cherry_MX_ULP_SMD,customer switches
SW381,Menu 1u,CHERRY,MX6C-T3NB,,ducktop2:Cherry_MX_ULP_SMD,customer switches
SW382,Left 1u,CHERRY,MX6C-T3NB,,ducktop2:Cherry_MX_ULP_SMD,customer switches
SW383,Down 1u,CHERRY,MX6C-T3NB,,ducktop2:Cherry_MX_ULP_SMD,customer switches
SW384,Right 1u,CHERRY,MX6C-T3NB,,ducktop2:Cherry_MX_ULP_SMD,customer switches
