board,group,reference,value,mpn,footprint,dnp,side,layer,native_x_mm,native_y_mm,native_rotation_deg,installed_x_mm,installed_y_mm,installed_rotation_deg,board_thickness_mm,local_solder_plane_z_mm,height_status,height_kind,height_mm,height_source_url,local_body_max_outer_z_mm,local_body_nominal_outer_z_mm,planning_allowance_mm,local_planning_outer_z_mm,study_solder_plane_z_mm,study_body_max_outer_z_mm,study_body_nominal_outer_z_mm,study_planning_outer_z_mm,source_board_sha256
center,charger,C7,470n 25V X7R bootstrap,C1608X7R1E474K080AE,Capacitor_SMD:C_0603_1608Metric,False,back,B.Cu,209.728157,159.755169,135.0,179.178156,123.205169,135.0,1.6,-1.6,verified_maximum,maximum,0.95,https://product.tdk.com/system/files/dam/doc/product/capacitor/ceramic/mlcc/charasheet/c1608x7r1e474k080ae_200111.pdf,-2.55,,0.3,-2.85,6.4,5.45,,5.15,d4f10273215db5e6d2a23fbbb6d47d9f501da9e0ff759512a6f8be15966a65b5
center,charger,C8,470n 25V X7R bootstrap,C1608X7R1E474K080AE,Capacitor_SMD:C_0603_1608Metric,False,back,B.Cu,205.255169,160.271843,45.0,174.705168,123.721843,45.0,1.6,-1.6,verified_maximum,maximum,0.95,https://product.tdk.com/system/files/dam/doc/product/capacitor/ceramic/mlcc/charasheet/c1608x7r1e474k080ae_200111.pdf,-2.55,,0.3,-2.85,6.4,5.45,,5.15,d4f10273215db5e6d2a23fbbb6d47d9f501da9e0ff759512a6f8be15966a65b5
center,charger,C9,4.7u 10V X7R VDD,GRM21BR71A475KA73L,Capacitor_SMD:C_0805_2012Metric,False,back,B.Cu,211.725206,163.507117,45.0,181.175205,126.957117,45.0,1.6,-1.6,verified_maximum,maximum,1.4,https://search.murata.co.jp/Ceramy/image/img/A01X/G101/ENG/GRM21BR71A475KA73-01.pdf,-3.0,,0.3,-3.3,6.4,5.0,,4.7,d4f10273215db5e6d2a23fbbb6d47d9f501da9e0ff759512a6f8be15966a65b5
center,charger,C10,1u 50V input local,GRT188R61H105ME13D,Capacitor_SMD:C_0603_1608Metric,False,front,F.Cu,219.0,161.75,270.0,188.449999,125.2,270.0,1.6,0.0,verified_maximum,maximum,0.9,https://www.mouser.com/datasheet/2/281/product-837155.pdf,0.9,,,,8.0,8.9,,,d4f10273215db5e6d2a23fbbb6d47d9f501da9e0ff759512a6f8be15966a65b5
center,charger,C11,1u 50V system local,GRT188R61H105ME13D,Capacitor_SMD:C_0603_1608Metric,False,front,F.Cu,196.95,157.5,270.0,166.399999,120.95,270.0,1.6,0.0,verified_maximum,maximum,0.9,https://www.mouser.com/datasheet/2/281/product-837155.pdf,0.9,,,,8.0,8.9,,,d4f10273215db5e6d2a23fbbb6d47d9f501da9e0ff759512a6f8be15966a65b5
center,charger,C701,10u 50V X7R input,CGA5L1X7R1H106K160AC,Capacitor_SMD:C_1206_3216Metric,False,front,F.Cu,222.0,161.0,270.0,191.449999,124.45,270.0,1.6,0.0,verified_maximum,maximum,1.9,https://product.tdk.com/en/search/capacitor/ceramic/mlcc/info?part_no=CGA5L1X7R1H106K160AC,1.9,,,,8.0,9.9,,,d4f10273215db5e6d2a23fbbb6d47d9f501da9e0ff759512a6f8be15966a65b5
center,charger,C702,10u 50V X7R input,CGA5L1X7R1H106K160AC,Capacitor_SMD:C_1206_3216Metric,False,front,F.Cu,224.65,161.0,270.0,194.099999,124.45,270.0,1.6,0.0,verified_maximum,maximum,1.9,https://product.tdk.com/en/search/capacitor/ceramic/mlcc/info?part_no=CGA5L1X7R1H106K160AC,1.9,,,,8.0,9.9,,,d4f10273215db5e6d2a23fbbb6d47d9f501da9e0ff759512a6f8be15966a65b5
center,charger,C703,10u 50V X7R input,CGA5L1X7R1H106K160AC,Capacitor_SMD:C_1206_3216Metric,False,front,F.Cu,227.3,161.0,270.0,196.749999,124.45,270.0,1.6,0.0,verified_maximum,maximum,1.9,https://product.tdk.com/en/search/capacitor/ceramic/mlcc/info?part_no=CGA5L1X7R1H106K160AC,1.9,,,,8.0,9.9,,,d4f10273215db5e6d2a23fbbb6d47d9f501da9e0ff759512a6f8be15966a65b5
center,charger,C704,10u 50V X7R input,CGA5L1X7R1H106K160AC,Capacitor_SMD:C_1206_3216Metric,False,front,F.Cu,229.95,161.0,270.0,199.399999,124.45,270.0,1.6,0.0,verified_maximum,maximum,1.9,https://product.tdk.com/en/search/capacitor/ceramic/mlcc/info?part_no=CGA5L1X7R1H106K160AC,1.9,,,,8.0,9.9,,,d4f10273215db5e6d2a23fbbb6d47d9f501da9e0ff759512a6f8be15966a65b5
center,charger,C705,10u 50V X7R input,CGA5L1X7R1H106K160AC,Capacitor_SMD:C_1206_3216Metric,False,front,F.Cu,232.6,161.0,270.0,202.049999,124.45,270.0,1.6,0.0,verified_maximum,maximum,1.9,https://product.tdk.com/en/search/capacitor/ceramic/mlcc/info?part_no=CGA5L1X7R1H106K160AC,1.9,,,,8.0,9.9,,,d4f10273215db5e6d2a23fbbb6d47d9f501da9e0ff759512a6f8be15966a65b5
center,charger,C706,10u 25V X7R system,GRM31CR71E106KA12L,Capacitor_SMD:C_1206_3216Metric,False,front,F.Cu,194.25,154.5,270.0,163.699999,117.95,270.0,1.6,0.0,verified_maximum,maximum,1.8,https://docs.rs-online.com/aab4/0900766b813d2ca8.pdf,1.8,,,,8.0,9.8,,,d4f10273215db5e6d2a23fbbb6d47d9f501da9e0ff759512a6f8be15966a65b5
center,charger,C707,10u 25V X7R system,GRM31CR71E106KA12L,Capacitor_SMD:C_1206_3216Metric,False,front,F.Cu,197.6,150.85,270.0,167.049999,114.3,270.0,1.6,0.0,verified_maximum,maximum,1.8,https://docs.rs-online.com/aab4/0900766b813d2ca8.pdf,1.8,,,,8.0,9.8,,,d4f10273215db5e6d2a23fbbb6d47d9f501da9e0ff759512a6f8be15966a65b5
center,charger,C708,10u 25V X7R system,GRM31CR71E106KA12L,Capacitor_SMD:C_1206_3216Metric,False,front,F.Cu,201.1,150.85,270.0,170.549999,114.3,270.0,1.6,0.0,verified_maximum,maximum,1.8,https://docs.rs-online.com/aab4/0900766b813d2ca8.pdf,1.8,,,,8.0,9.8,,,d4f10273215db5e6d2a23fbbb6d47d9f501da9e0ff759512a6f8be15966a65b5
center,charger,C709,10u 25V X7R system,GRM31CR71E106KA12L,Capacitor_SMD:C_1206_3216Metric,False,front,F.Cu,204.6,150.85,270.0,174.049999,114.3,270.0,1.6,0.0,verified_maximum,maximum,1.8,https://docs.rs-online.com/aab4/0900766b813d2ca8.pdf,1.8,,,,8.0,9.8,,,d4f10273215db5e6d2a23fbbb6d47d9f501da9e0ff759512a6f8be15966a65b5
center,charger,C710,10u 25V X7R system,GRM31CR71E106KA12L,Capacitor_SMD:C_1206_3216Metric,False,front,F.Cu,208.1,151.35,270.0,177.549999,114.8,270.0,1.6,0.0,verified_maximum,maximum,1.8,https://docs.rs-online.com/aab4/0900766b813d2ca8.pdf,1.8,,,,8.0,9.8,,,d4f10273215db5e6d2a23fbbb6d47d9f501da9e0ff759512a6f8be15966a65b5
center,charger,C711,100n 50V battery voltage filter,GRM155R71H104ME14D,Capacitor_SMD:C_0402_1005Metric,False,back,B.Cu,204.156178,163.886508,180.0,173.606177,127.336508,180.0,1.6,-1.6,verified_maximum,maximum,0.55,https://datasheet.octopart.com/GRM155R71H104ME14D-Murata-datasheet-138740983.pdf,-2.15,,0.3,-2.45,6.4,5.85,,5.55,d4f10273215db5e6d2a23fbbb6d47d9f501da9e0ff759512a6f8be15966a65b5
center,charger,C712,10u 25V X7R battery,GRM31CR71E106KA12L,Capacitor_SMD:C_1206_3216Metric,False,front,F.Cu,226.7,175.0,90.0,196.149999,138.45,90.0,1.6,0.0,verified_maximum,maximum,1.8,https://docs.rs-online.com/aab4/0900766b813d2ca8.pdf,1.8,,,,8.0,9.8,,,d4f10273215db5e6d2a23fbbb6d47d9f501da9e0ff759512a6f8be15966a65b5
center,charger,C713,10u 25V X7R battery,GRM31CR71E106KA12L,Capacitor_SMD:C_1206_3216Metric,False,front,F.Cu,229.35,175.25,90.0,198.799999,138.7,90.0,1.6,0.0,verified_maximum,maximum,1.8,https://docs.rs-online.com/aab4/0900766b813d2ca8.pdf,1.8,,,,8.0,9.8,,,d4f10273215db5e6d2a23fbbb6d47d9f501da9e0ff759512a6f8be15966a65b5
center,charger,C714,2.2u 50V X7R input damper,MSASU21GBB7225KTNA01,Capacitor_SMD:C_0805_2012Metric,False,front,F.Cu,235.2125,152.425,180.0,204.662499,115.875,180.0,1.6,0.0,unverified,,,,,,,,8.0,,,,d4f10273215db5e6d2a23fbbb6d47d9f501da9e0ff759512a6f8be15966a65b5
center,mu_supply,C750,68u 50V hybrid input bulk,EEHZA1H680P,Capacitor_SMD:CP_Elec_8x10,False,front,F.Cu,137.25,123.9,0.0,106.699999,87.35,0.0,1.6,0.0,verified_maximum,maximum,10.5,https://industrial.panasonic.com/cdbs/www-data/pdf/RDD0000/ABA0000C1221.pdf,10.5,,,,8.0,18.5,,,d4f10273215db5e6d2a23fbbb6d47d9f501da9e0ff759512a6f8be15966a65b5
center,mu_supply,C751,10u 50V X7R input,CGA5L1X7R1H106K160AC,Capacitor_SMD:C_1206_3216Metric,False,front,F.Cu,139.5,114.25,270.0,108.949999,77.7,270.0,1.6,0.0,verified_maximum,maximum,1.9,https://product.tdk.com/en/search/capacitor/ceramic/mlcc/info?part_no=CGA5L1X7R1H106K160AC,1.9,,,,8.0,9.9,,,d4f10273215db5e6d2a23fbbb6d47d9f501da9e0ff759512a6f8be15966a65b5
center,mu_supply,C752,10u 50V X7R input,CGA5L1X7R1H106K160AC,Capacitor_SMD:C_1206_3216Metric,False,front,F.Cu,137.15,114.5,270.0,106.599999,77.95,270.0,1.6,0.0,verified_maximum,maximum,1.9,https://product.tdk.com/en/search/capacitor/ceramic/mlcc/info?part_no=CGA5L1X7R1H106K160AC,1.9,,,,8.0,9.9,,,d4f10273215db5e6d2a23fbbb6d47d9f501da9e0ff759512a6f8be15966a65b5
center,mu_supply,C753,1u 50V X5R input,GRT188R61H105ME13D,Capacitor_SMD:C_0603_1608Metric,False,front,F.Cu,144.0,108.722501,0.0,113.449999,72.172501,0.0,1.6,0.0,verified_maximum,maximum,0.9,https://www.mouser.com/datasheet/2/281/product-837155.pdf,0.9,,,,8.0,8.9,,,d4f10273215db5e6d2a23fbbb6d47d9f501da9e0ff759512a6f8be15966a65b5
center,mu_supply,C754,100n 50V X7R input HF,GRM155R71H104ME14D,Capacitor_SMD:C_0402_1005Metric,False,front,F.Cu,141.35,114.45,270.0,110.799999,77.9,270.0,1.6,0.0,verified_maximum,maximum,0.55,https://datasheet.octopart.com/GRM155R71H104ME14D-Murata-datasheet-138740983.pdf,0.55,,,,8.0,8.55,,,d4f10273215db5e6d2a23fbbb6d47d9f501da9e0ff759512a6f8be15966a65b5
center,mu_supply,C755,100n 50V X7R input HF,GRM155R71H104ME14D,Capacitor_SMD:C_0402_1005Metric,False,front,F.Cu,147.976093,116.211182,180.0,117.426092,79.661182,180.0,1.6,0.0,verified_maximum,maximum,0.55,https://datasheet.octopart.com/GRM155R71H104ME14D-Murata-datasheet-138740983.pdf,0.55,,,,8.0,8.55,,,d4f10273215db5e6d2a23fbbb6d47d9f501da9e0ff759512a6f8be15966a65b5
center,mu_supply,C756,100n 50V X7R output HF,GRM155R71H104ME14D,Capacitor_SMD:C_0402_1005Metric,False,front,F.Cu,153.177906,120.258614,180.0,122.627905,83.708614,180.0,1.6,0.0,verified_maximum,maximum,0.55,https://datasheet.octopart.com/GRM155R71H104ME14D-Murata-datasheet-138740983.pdf,0.55,,,,8.0,8.55,,,d4f10273215db5e6d2a23fbbb6d47d9f501da9e0ff759512a6f8be15966a65b5
center,mu_supply,C757,100n 50V X7R output HF,GRM155R71H104ME14D,Capacitor_SMD:C_0402_1005Metric,False,front,F.Cu,155.825,123.75,90.0,125.274999,87.2,90.0,1.6,0.0,verified_maximum,maximum,0.55,https://datasheet.octopart.com/GRM155R71H104ME14D-Murata-datasheet-138740983.pdf,0.55,,,,8.0,8.55,,,d4f10273215db5e6d2a23fbbb6d47d9f501da9e0ff759512a6f8be15966a65b5
center,mu_supply,C758,1u 50V X5R output,GRT188R61H105ME13D,Capacitor_SMD:C_0603_1608Metric,False,front,F.Cu,155.244766,121.190285,90.0,124.694765,84.640285,90.0,1.6,0.0,verified_maximum,maximum,0.9,https://www.mouser.com/datasheet/2/281/product-837155.pdf,0.9,,,,8.0,8.9,,,d4f10273215db5e6d2a23fbbb6d47d9f501da9e0ff759512a6f8be15966a65b5
center,mu_supply,C759,10u 50V X7R output,CGA5L1X7R1H106K160AC,Capacitor_SMD:C_1206_3216Metric,False,front,F.Cu,152.069765,121.940285,180.0,121.519764,85.390285,180.0,1.6,0.0,verified_maximum,maximum,1.9,https://product.tdk.com/en/search/capacitor/ceramic/mlcc/info?part_no=CGA5L1X7R1H106K160AC,1.9,,,,8.0,9.9,,,d4f10273215db5e6d2a23fbbb6d47d9f501da9e0ff759512a6f8be15966a65b5
center,mu_supply,C760,10u 50V X7R output,CGA5L1X7R1H106K160AC,Capacitor_SMD:C_1206_3216Metric,False,front,F.Cu,151.25,125.75,180.0,120.699999,89.2,180.0,1.6,0.0,verified_maximum,maximum,1.9,https://product.tdk.com/en/search/capacitor/ceramic/mlcc/info?part_no=CGA5L1X7R1H106K160AC,1.9,,,,8.0,9.9,,,d4f10273215db5e6d2a23fbbb6d47d9f501da9e0ff759512a6f8be15966a65b5
center,mu_supply,C761,10u 50V X7R output,CGA5L1X7R1H106K160AC,Capacitor_SMD:C_1206_3216Metric,False,front,F.Cu,146.25,125.75,180.0,115.699999,89.2,180.0,1.6,0.0,verified_maximum,maximum,1.9,https://product.tdk.com/en/search/capacitor/ceramic/mlcc/info?part_no=CGA5L1X7R1H106K160AC,1.9,,,,8.0,9.9,,,d4f10273215db5e6d2a23fbbb6d47d9f501da9e0ff759512a6f8be15966a65b5
center,mu_supply,C762,100u 35V hybrid output bulk,EEHZK1V101XP,Capacitor_SMD:CP_Elec_6.3x7.7,False,front,F.Cu,163.75,118.5,0.0,133.199999,81.95,0.0,1.6,0.0,verified_maximum,maximum,8.0,https://util01.industrial.panasonic.com/ea/utilities/ds/chr-vw/EEHZK1V101XP,8.0,,,,8.0,16.0,,,d4f10273215db5e6d2a23fbbb6d47d9f501da9e0ff759512a6f8be15966a65b5
center,mu_supply,C763,1u 50V post-sense load-side bypass,GRT188R61H105ME13D,Capacitor_SMD:C_0603_1608Metric,False,front,F.Cu,162.425,123.75,90.0,131.874999,87.2,90.0,1.6,0.0,verified_maximum,maximum,0.9,https://www.mouser.com/datasheet/2/281/product-837155.pdf,0.9,,,,8.0,8.9,,,d4f10273215db5e6d2a23fbbb6d47d9f501da9e0ff759512a6f8be15966a65b5
center,mu_supply,C764,22u 16V X7R VCC mandatory; effective >4.7u,GRM31CZ71C226ME15L,Capacitor_SMD:C_1206_3216Metric,False,front,F.Cu,156.528913,117.634726,0.0,125.978912,81.084726,0.0,1.6,0.0,unverified,,,,,,,,8.0,,,,d4f10273215db5e6d2a23fbbb6d47d9f501da9e0ff759512a6f8be15966a65b5
center,mu_supply,C765,100n 50V X8L bootstrap,GCM188L81H104KA57D,Capacitor_SMD:C_0603_1608Metric,False,front,F.Cu,150.25,114.5,180.0,119.699999,77.95,180.0,1.6,0.0,unverified,,,,,,,,8.0,,,,d4f10273215db5e6d2a23fbbb6d47d9f501da9e0ff759512a6f8be15966a65b5
center,mu_supply,C766,100n 50V X8L bootstrap,GCM188L81H104KA57D,Capacitor_SMD:C_0603_1608Metric,False,front,F.Cu,153.3,114.5,180.0,122.749999,77.95,180.0,1.6,0.0,unverified,,,,,,,,8.0,,,,d4f10273215db5e6d2a23fbbb6d47d9f501da9e0ff759512a6f8be15966a65b5
center,mu_supply,C767,10n DITH/SYNC spreading,GRM188R71H103KA01,Capacitor_SMD:C_0603_1608Metric,False,back,B.Cu,148.0,121.3,180.0,117.449999,84.75,180.0,1.6,-1.6,verified_maximum,maximum,0.9,https://www.farnell.com/datasheets/1747461.pdf,-2.5,,0.3,-2.8,6.4,5.5,,5.2,d4f10273215db5e6d2a23fbbb6d47d9f501da9e0ff759512a6f8be15966a65b5
center,mu_supply,C768,DNP 2.2n 250V X7R switch-node snubber,GRM21AR72E222KW01D,Capacitor_SMD:C_0805_2012Metric,True,front,F.Cu,135.4375,117.972501,180.0,104.887499,81.422501,180.0,1.6,0.0,unverified,,,,,,,,8.0,,,,d4f10273215db5e6d2a23fbbb6d47d9f501da9e0ff759512a6f8be15966a65b5
center,mu_supply,C769,DNP 2.2n 250V X7R switch-node snubber,GRM21AR72E222KW01D,Capacitor_SMD:C_0805_2012Metric,True,front,F.Cu,161.237111,113.872569,0.0,130.68711,77.322569,0.0,1.6,0.0,unverified,,,,,,,,8.0,,,,d4f10273215db5e6d2a23fbbb6d47d9f501da9e0ff759512a6f8be15966a65b5
center,mu_supply,C770,100n differential current-sense filter,GRM155R71H104ME14D,Capacitor_SMD:C_0402_1005Metric,False,back,B.Cu,153.95,118.85,0.0,123.399999,82.3,0.0,1.6,-1.6,verified_maximum,maximum,0.55,https://datasheet.octopart.com/GRM155R71H104ME14D-Murata-datasheet-138740983.pdf,-2.15,,0.3,-2.45,6.4,5.85,,5.55,d4f10273215db5e6d2a23fbbb6d47d9f501da9e0ff759512a6f8be15966a65b5
center,mu_supply,C771,10n 50V C0G COMP,GRM1885C1H103JA01D,Capacitor_SMD:C_0603_1608Metric,False,back,B.Cu,157.5,114.5,0.0,126.949999,77.95,0.0,1.6,-1.6,verified_maximum,maximum,0.9,https://www.farnell.com/datasheets/2048016.pdf,-2.5,,0.3,-2.8,6.4,5.5,,5.2,d4f10273215db5e6d2a23fbbb6d47d9f501da9e0ff759512a6f8be15966a65b5
center,mu_supply,C772,100p 50V C0G COMP HF,GRM1555C1H101JA01D,Capacitor_SMD:C_0402_1005Metric,False,back,B.Cu,154.4,116.5,0.0,123.849999,79.95,0.0,1.6,-1.6,verified_maximum,maximum,0.55,https://datasheet.ciiva.com/18184/getdatasheetpartid-199957-18184175.pdf,-2.15,,0.3,-2.45,6.4,5.85,,5.55,d4f10273215db5e6d2a23fbbb6d47d9f501da9e0ff759512a6f8be15966a65b5
center,mu_supply,C773,100n UVLO noise filter,GRM188R71H104KA93D,Capacitor_SMD:C_0603_1608Metric,False,back,B.Cu,147.0,116.4,180.0,116.449999,79.85,180.0,1.6,-1.6,verified_maximum,maximum,0.9,https://www.murata.com/-/media/webrenewal/tool/library/common-pdf/dynamic-model/component-list-d-mlcc-2506.ashx?cvid=20250805040419000000&la=ja-jp,-2.5,,0.3,-2.8,6.4,5.5,,5.2,d4f10273215db5e6d2a23fbbb6d47d9f501da9e0ff759512a6f8be15966a65b5
center,mu_supply,C774,10n PG deglitch,GRM188R71H103KA01,Capacitor_SMD:C_0603_1608Metric,False,back,B.Cu,150.104602,113.815074,0.0,119.554601,77.265074,0.0,1.6,-1.6,verified_maximum,maximum,0.9,https://www.farnell.com/datasheets/1747461.pdf,-2.5,,0.3,-2.8,6.4,5.5,,5.2,d4f10273215db5e6d2a23fbbb6d47d9f501da9e0ff759512a6f8be15966a65b5
center,mu_supply,C775,10n CC deglitch,GRM188R71H103KA01,Capacitor_SMD:C_0603_1608Metric,False,front,F.Cu,147.4,122.85,270.0,116.849999,86.3,270.0,1.6,0.0,verified_maximum,maximum,0.9,https://www.farnell.com/datasheets/1747461.pdf,0.9,,,,8.0,8.9,,,d4f10273215db5e6d2a23fbbb6d47d9f501da9e0ff759512a6f8be15966a65b5
center,standby,C795,1u 50V AON input,GRT188R61H105ME13D,Capacitor_SMD:C_0603_1608Metric,False,back,B.Cu,154.747139,169.179934,180.0,124.197138,132.629934,180.0,1.6,-1.6,verified_maximum,maximum,0.9,https://www.mouser.com/datasheet/2/281/product-837155.pdf,-2.5,,0.3,-2.8,6.4,5.5,,5.2,d4f10273215db5e6d2a23fbbb6d47d9f501da9e0ff759512a6f8be15966a65b5
center,standby,C796,100n 50V AON input local,GRM188R71H104KA93D,Capacitor_SMD:C_0603_1608Metric,False,back,B.Cu,157.247139,170.179934,270.0,126.697138,133.629934,270.0,1.6,-1.6,verified_maximum,maximum,0.9,https://www.murata.com/-/media/webrenewal/tool/library/common-pdf/dynamic-model/component-list-d-mlcc-2506.ashx?cvid=20250805040419000000&la=ja-jp,-2.5,,0.3,-2.8,6.4,5.5,,5.2,d4f10273215db5e6d2a23fbbb6d47d9f501da9e0ff759512a6f8be15966a65b5
center,standby,C797,100u 35V hybrid AON hold-up,EEHZK1V101XP,Capacitor_SMD:CP_Elec_6.3x7.7,False,front,F.Cu,185.0,170.5,0.0,154.449999,133.95,0.0,1.6,0.0,verified_maximum,maximum,8.0,https://util01.industrial.panasonic.com/ea/utilities/ds/chr-vw/EEHZK1V101XP,8.0,,,,8.0,16.0,,,d4f10273215db5e6d2a23fbbb6d47d9f501da9e0ff759512a6f8be15966a65b5
center,standby,C798,100n 50V AON output local,GRM188R71H104KA93D,Capacitor_SMD:C_0603_1608Metric,False,front,F.Cu,180.889804,163.031666,90.0,150.339803,126.481666,90.0,1.6,0.0,verified_maximum,maximum,0.9,https://www.murata.com/-/media/webrenewal/tool/library/common-pdf/dynamic-model/component-list-d-mlcc-2506.ashx?cvid=20250805040419000000&la=ja-jp,0.9,,,,8.0,8.9,,,d4f10273215db5e6d2a23fbbb6d47d9f501da9e0ff759512a6f8be15966a65b5
center,standby,C799,22n 50V C0G gate ramp,C0805C223J5GACTU,Capacitor_SMD:C_0805_2012Metric,False,back,B.Cu,164.258433,168.76592,90.0,133.708432,132.21592,90.0,1.6,-1.6,verified_maximum,maximum,1.2,https://docs.rs-online.com/6448/0900766b817074ee.pdf,-2.8,,0.3,-3.1,6.4,5.2,,4.9,d4f10273215db5e6d2a23fbbb6d47d9f501da9e0ff759512a6f8be15966a65b5
center,charger,C2260,100n 50V AND bypass,GRM188R71H104KA93D,Capacitor_SMD:C_0603_1608Metric,False,back,B.Cu,212.90503,155.591012,0.0,182.355029,119.041012,0.0,1.6,-1.6,verified_maximum,maximum,0.9,https://www.murata.com/-/media/webrenewal/tool/library/common-pdf/dynamic-model/component-list-d-mlcc-2506.ashx?cvid=20250805040419000000&la=ja-jp,-2.5,,0.3,-2.8,6.4,5.5,,5.2,d4f10273215db5e6d2a23fbbb6d47d9f501da9e0ff759512a6f8be15966a65b5
center,charger,C2600,4.7u 50V X7R DCIN,GRM31CR71H475KA12L,Capacitor_SMD:C_1206_3216Metric,False,back,B.Cu,214.064419,164.339119,45.0,183.514418,127.789119,45.0,1.6,-1.6,verified_maximum,maximum,1.8,https://search.murata.co.jp/Ceramy/image/img/A01X/G101/ENG/GRM31CR71H475KA12-01A.pdf,-3.4,,0.3,-3.7,6.4,4.6,,4.3,d4f10273215db5e6d2a23fbbb6d47d9f501da9e0ff759512a6f8be15966a65b5
center,charger,C2601,4.7u 10V X7R VDDP,GRM21BR71A475KA73L,Capacitor_SMD:C_0805_2012Metric,False,back,B.Cu,206.566844,157.673344,135.0,176.016843,121.123344,135.0,1.6,-1.6,verified_maximum,maximum,1.4,https://search.murata.co.jp/Ceramy/image/img/A01X/G101/ENG/GRM21BR71A475KA73-01.pdf,-3.0,,0.3,-3.3,6.4,5.0,,4.7,d4f10273215db5e6d2a23fbbb6d47d9f501da9e0ff759512a6f8be15966a65b5
center,charger,C2602,1n 50V C0G PROG filter,GRM1555C1H102JA01D,Capacitor_SMD:C_0402_1005Metric,False,back,B.Cu,207.134495,166.112644,135.0,176.584494,129.562644,135.0,1.6,-1.6,verified_maximum,maximum,0.55,https://datasheet.octopart.com/GRM1555C1H102JA01D-Murata-datasheet-7625556.pdf,-2.15,,0.3,-2.45,6.4,5.85,,5.55,d4f10273215db5e6d2a23fbbb6d47d9f501da9e0ff759512a6f8be15966a65b5
center,charger,C2603,100n 50V input sense filter,GRM155R71H104ME14D,Capacitor_SMD:C_0402_1005Metric,False,back,B.Cu,210.843822,159.113492,135.0,180.293821,122.563492,135.0,1.6,-1.6,verified_maximum,maximum,0.55,https://datasheet.octopart.com/GRM155R71H104ME14D-Murata-datasheet-138740983.pdf,-2.15,,0.3,-2.45,6.4,5.85,,5.55,d4f10273215db5e6d2a23fbbb6d47d9f501da9e0ff759512a6f8be15966a65b5
center,charger,C2604,100n 50V battery sense filter,GRM155R71H104ME14D,Capacitor_SMD:C_0402_1005Metric,False,back,B.Cu,203.818449,162.379229,270.0,173.268448,125.829229,270.0,1.6,-1.6,verified_maximum,maximum,0.55,https://datasheet.octopart.com/GRM155R71H104ME14D-Murata-datasheet-138740983.pdf,-2.15,,0.3,-2.45,6.4,5.85,,5.55,d4f10273215db5e6d2a23fbbb6d47d9f501da9e0ff759512a6f8be15966a65b5
center,charger,C2605,22n 50V C0G forward compensation,C0805C223J5GACTU,Capacitor_SMD:C_0805_2012Metric,False,back,B.Cu,202.861844,166.244831,270.0,172.311843,129.694831,270.0,1.6,-1.6,verified_maximum,maximum,1.2,https://docs.rs-online.com/6448/0900766b817074ee.pdf,-2.8,,0.3,-3.1,6.4,5.2,,4.9,d4f10273215db5e6d2a23fbbb6d47d9f501da9e0ff759512a6f8be15966a65b5
center,charger,C2606,47n 50V X7R reverse compensation,GRM188R71H473KA61D,Capacitor_SMD:C_0603_1608Metric,False,back,B.Cu,205.219052,168.8028,315.0,174.669051,132.2528,315.0,1.6,-1.6,verified_maximum,maximum,0.9,https://www.mouser.com/datasheet/2/281/murata_mured00583-1-1740351.pdf,-2.5,,0.3,-2.8,6.4,5.5,,5.2,d4f10273215db5e6d2a23fbbb6d47d9f501da9e0ff759512a6f8be15966a65b5
center,charger,C2607,220n 50V X7R current monitor,GRM188R71H224KAC4D,Capacitor_SMD:C_0603_1608Metric,False,back,B.Cu,200.34517,163.728157,90.0,169.795169,127.178157,90.0,1.6,-1.6,verified_maximum,maximum,0.9,https://www.farnell.com/datasheets/2189130.pdf,-2.5,,0.3,-2.8,6.4,5.5,,5.2,d4f10273215db5e6d2a23fbbb6d47d9f501da9e0ff759512a6f8be15966a65b5
center,charger,C2608,100u 35V hybrid system bulk,EEHZK1V101XP,Capacitor_SMD:CP_Elec_6.3x7.7,False,front,F.Cu,230.05,168.5,0.0,199.499999,131.95,0.0,1.6,0.0,verified_maximum,maximum,8.0,https://util01.industrial.panasonic.com/ea/utilities/ds/chr-vw/EEHZK1V101XP,8.0,,,,8.0,16.0,,,d4f10273215db5e6d2a23fbbb6d47d9f501da9e0ff759512a6f8be15966a65b5
center,charger,C2609,100u 35V hybrid system bulk,EEHZK1V101XP,Capacitor_SMD:CP_Elec_6.3x7.7,False,front,F.Cu,221.7,168.3,90.0,191.149999,131.75,90.0,1.6,0.0,verified_maximum,maximum,8.0,https://util01.industrial.panasonic.com/ea/utilities/ds/chr-vw/EEHZK1V101XP,8.0,,,,8.0,16.0,,,d4f10273215db5e6d2a23fbbb6d47d9f501da9e0ff759512a6f8be15966a65b5
center,mu_supply,C2610,100u 35V hybrid output bulk,EEHZK1V101XP,Capacitor_SMD:CP_Elec_6.3x7.7,False,front,F.Cu,163.0,104.0,0.0,132.449999,67.45,0.0,1.6,0.0,verified_maximum,maximum,8.0,https://util01.industrial.panasonic.com/ea/utilities/ds/chr-vw/EEHZK1V101XP,8.0,,,,8.0,16.0,,,d4f10273215db5e6d2a23fbbb6d47d9f501da9e0ff759512a6f8be15966a65b5
center,standby,C2620,100n 50V charge pump,GRM188R71H104KA93D,Capacitor_SMD:C_0603_1608Metric,False,back,B.Cu,146.058536,159.780785,0.0,115.508535,123.230785,0.0,1.6,-1.6,verified_maximum,maximum,0.9,https://www.murata.com/-/media/webrenewal/tool/library/common-pdf/dynamic-model/component-list-d-mlcc-2506.ashx?cvid=20250805040419000000&la=ja-jp,-2.5,,0.3,-2.8,6.4,5.5,,5.2,d4f10273215db5e6d2a23fbbb6d47d9f501da9e0ff759512a6f8be15966a65b5
center,standby,C2621,100n 50V charge pump,GRM188R71H104KA93D,Capacitor_SMD:C_0603_1608Metric,False,back,B.Cu,146.058536,165.780785,0.0,115.508535,129.230785,0.0,1.6,-1.6,verified_maximum,maximum,0.9,https://www.murata.com/-/media/webrenewal/tool/library/common-pdf/dynamic-model/component-list-d-mlcc-2506.ashx?cvid=20250805040419000000&la=ja-jp,-2.5,,0.3,-2.8,6.4,5.5,,5.2,d4f10273215db5e6d2a23fbbb6d47d9f501da9e0ff759512a6f8be15966a65b5
center,standby,C2622,22n 50V C0G retry timer,C0805C223J5GACTU,Capacitor_SMD:C_0805_2012Metric,False,back,B.Cu,154.09351,165.629407,90.0,123.543509,129.079407,90.0,1.6,-1.6,verified_maximum,maximum,1.2,https://docs.rs-online.com/6448/0900766b817074ee.pdf,-2.8,,0.3,-3.1,6.4,5.2,,4.9,d4f10273215db5e6d2a23fbbb6d47d9f501da9e0ff759512a6f8be15966a65b5
center,ec_soft_start,C2640,1u 50V soft start; about 145ms nominal,GRT188R61H105ME13D,Capacitor_SMD:C_0603_1608Metric,False,back,B.Cu,167.7,67.8,90.0,137.149999,31.25,90.0,1.6,-1.6,verified_maximum,maximum,0.9,https://www.mouser.com/datasheet/2/281/product-837155.pdf,-2.5,,0.3,-2.8,6.4,5.5,,5.2,d4f10273215db5e6d2a23fbbb6d47d9f501da9e0ff759512a6f8be15966a65b5
center,source_control,C2641,100n 50V bypass,GRM188R71H104KA93D,Capacitor_SMD:C_0603_1608Metric,False,back,B.Cu,204.05,178.75,90.0,173.499999,142.2,90.0,1.6,-1.6,verified_maximum,maximum,0.9,https://www.murata.com/-/media/webrenewal/tool/library/common-pdf/dynamic-model/component-list-d-mlcc-2506.ashx?cvid=20250805040419000000&la=ja-jp,-2.5,,0.3,-2.8,6.4,5.5,,5.2,d4f10273215db5e6d2a23fbbb6d47d9f501da9e0ff759512a6f8be15966a65b5
center,source_control,C2642,100n 50V bypass,GRM188R71H104KA93D,Capacitor_SMD:C_0603_1608Metric,False,back,B.Cu,204.4,182.1,270.0,173.849999,145.55,270.0,1.6,-1.6,verified_maximum,maximum,0.9,https://www.murata.com/-/media/webrenewal/tool/library/common-pdf/dynamic-model/component-list-d-mlcc-2506.ashx?cvid=20250805040419000000&la=ja-jp,-2.5,,0.3,-2.8,6.4,5.5,,5.2,d4f10273215db5e6d2a23fbbb6d47d9f501da9e0ff759512a6f8be15966a65b5
center,source_control,C2643,100n 50V bypass,GRM188R71H104KA93D,Capacitor_SMD:C_0603_1608Metric,False,back,B.Cu,193.981783,68.655114,0.0,163.431782,32.105114,0.0,1.6,-1.6,verified_maximum,maximum,0.9,https://www.murata.com/-/media/webrenewal/tool/library/common-pdf/dynamic-model/component-list-d-mlcc-2506.ashx?cvid=20250805040419000000&la=ja-jp,-2.5,,0.3,-2.8,6.4,5.5,,5.2,d4f10273215db5e6d2a23fbbb6d47d9f501da9e0ff759512a6f8be15966a65b5
center,standby,C2650,100n 50V charge pump,GRM188R71H104KA93D,Capacitor_SMD:C_0603_1608Metric,False,back,B.Cu,146.058536,171.780785,0.0,115.508535,135.230785,0.0,1.6,-1.6,verified_maximum,maximum,0.9,https://www.murata.com/-/media/webrenewal/tool/library/common-pdf/dynamic-model/component-list-d-mlcc-2506.ashx?cvid=20250805040419000000&la=ja-jp,-2.5,,0.3,-2.8,6.4,5.5,,5.2,d4f10273215db5e6d2a23fbbb6d47d9f501da9e0ff759512a6f8be15966a65b5
center,standby,C2651,1u 50V protected input bypass,GRT188R61H105ME13D,Capacitor_SMD:C_0603_1608Metric,False,back,B.Cu,168.007126,169.470607,270.0,137.457125,132.920607,270.0,1.6,-1.6,verified_maximum,maximum,0.9,https://www.mouser.com/datasheet/2/281/product-837155.pdf,-2.5,,0.3,-2.8,6.4,5.5,,5.2,d4f10273215db5e6d2a23fbbb6d47d9f501da9e0ff759512a6f8be15966a65b5
center,standby,C2660,22n 50V C0G gate ramp,C0805C223J5GACTU,Capacitor_SMD:C_0805_2012Metric,False,back,B.Cu,178.432322,171.348557,0.0,147.882321,134.798557,0.0,1.6,-1.6,verified_maximum,maximum,1.2,https://docs.rs-online.com/6448/0900766b817074ee.pdf,-2.8,,0.3,-3.1,6.4,5.2,,4.9,d4f10273215db5e6d2a23fbbb6d47d9f501da9e0ff759512a6f8be15966a65b5
center,standby,C2661,1u 50V fault timer,GRT188R61H105ME13D,Capacitor_SMD:C_0603_1608Metric,False,back,B.Cu,176.08652,168.754358,270.0,145.536519,132.204358,270.0,1.6,-1.6,verified_maximum,maximum,0.9,https://www.mouser.com/datasheet/2/281/product-837155.pdf,-2.5,,0.3,-2.8,6.4,5.5,,5.2,d4f10273215db5e6d2a23fbbb6d47d9f501da9e0ff759512a6f8be15966a65b5
center,standby,C2662,1u 50V fault timer,GRT188R61H105ME13D,Capacitor_SMD:C_0603_1608Metric,False,back,B.Cu,176.83652,166.279358,0.0,146.286519,129.729358,0.0,1.6,-1.6,verified_maximum,maximum,0.9,https://www.mouser.com/datasheet/2/281/product-837155.pdf,-2.5,,0.3,-2.8,6.4,5.5,,5.2,d4f10273215db5e6d2a23fbbb6d47d9f501da9e0ff759512a6f8be15966a65b5
center,mu_supply,C2670,100n 50V local VCC bypass,GRM155R71H104ME14D,Capacitor_SMD:C_0402_1005Metric,False,front,F.Cu,155.208913,115.884726,0.0,124.658912,79.334726,0.0,1.6,0.0,verified_maximum,maximum,0.55,https://datasheet.octopart.com/GRM155R71H104ME14D-Murata-datasheet-138740983.pdf,0.55,,,,8.0,8.55,,,d4f10273215db5e6d2a23fbbb6d47d9f501da9e0ff759512a6f8be15966a65b5
center,standby,D711,SS310 3A 100V AUX standby feed,SS310-13-F,Diode_SMD:D_SMA,False,front,F.Cu,151.0,173.5,0.0,120.449999,136.95,0.0,1.6,0.0,unverified,,,,,,,,8.0,,,,d4f10273215db5e6d2a23fbbb6d47d9f501da9e0ff759512a6f8be15966a65b5
center,charger,D2600,BAT54WS bias OR,BAT54WS-7-F,Diode_SMD:D_SOD-323,False,back,B.Cu,212.325574,168.014794,315.0,181.775573,131.464794,315.0,1.6,-1.6,verified_maximum,maximum,1.1,https://datasheet.octopart.com/BAT54WS-7-F-Diodes-Inc.-datasheet-14053335.pdf,-2.7,,0.3,-3.0,6.4,5.3,,5.0,d4f10273215db5e6d2a23fbbb6d47d9f501da9e0ff759512a6f8be15966a65b5
center,charger,D2601,BAT54WS bias OR,BAT54WS-7-F,Diode_SMD:D_SOD-323,False,back,B.Cu,210.272452,168.711672,315.0,179.722451,132.161672,315.0,1.6,-1.6,verified_maximum,maximum,1.1,https://datasheet.octopart.com/BAT54WS-7-F-Diodes-Inc.-datasheet-14053335.pdf,-2.7,,0.3,-3.0,6.4,5.3,,5.0,d4f10273215db5e6d2a23fbbb6d47d9f501da9e0ff759512a6f8be15966a65b5
center,standby,D2620,BAT54WS fast gate discharge,BAT54WS-7-F,Diode_SMD:D_SOD-323,False,back,B.Cu,160.658433,170.76592,0.0,130.108432,134.21592,0.0,1.6,-1.6,verified_maximum,maximum,1.1,https://datasheet.octopart.com/BAT54WS-7-F-Diodes-Inc.-datasheet-14053335.pdf,-2.7,,0.3,-3.0,6.4,5.3,,5.0,d4f10273215db5e6d2a23fbbb6d47d9f501da9e0ff759512a6f8be15966a65b5
center,source_control,D2640,BAT54S AUX ADC rail clamps,"BAT54S,215",Package_TO_SOT_SMD:SOT-23,False,back,B.Cu,184.25,71.0,0.0,153.699999,34.45,0.0,1.6,-1.6,verified_maximum,maximum,1.1,https://assets.nexperia.com/documents/outline-drawing/SOT23.pdf,-2.7,,0.3,-3.0,6.4,5.3,,5.0,d4f10273215db5e6d2a23fbbb6d47d9f501da9e0ff759512a6f8be15966a65b5
center,charger,L1,2.2uH 20%; 31A Isat30,XGL1060-222MEC,ducktop2:Coilcraft_XGL1060_Center,False,front,F.Cu,207.9,166.5,0.0,177.349999,129.95,0.0,1.6,0.0,verified_maximum,maximum,6.0,https://www.coilcraft.com/pdfs/ShortFormCatalog.pdf,6.0,,,,8.0,14.0,,,d4f10273215db5e6d2a23fbbb6d47d9f501da9e0ff759512a6f8be15966a65b5
center,mu_supply,L750,6.8uH 18.4A Isat30 / 10.9A Irms20; 6mm max,XGL1060-682MEC,ducktop2:Coilcraft_XGL1060_Center,False,front,F.Cu,151.625,105.25,180.0,121.074999,68.7,180.0,1.6,0.0,verified_maximum,maximum,6.0,https://www.coilcraft.com/pdfs/ShortFormCatalog.pdf,6.0,,,,8.0,14.0,,,d4f10273215db5e6d2a23fbbb6d47d9f501da9e0ff759512a6f8be15966a65b5
center,charger,LED1,Adapter absent,APT1608SGC,LED_SMD:LED_0603_1608Metric,False,front,F.Cu,216.392499,167.712333,180.0,185.842498,131.162333,180.0,1.6,0.0,unverified,,,,,,,,8.0,,,,d4f10273215db5e6d2a23fbbb6d47d9f501da9e0ff759512a6f8be15966a65b5
center,charger,Q25,CSD17575Q3 battery power-path FET,CSD17575Q3,ducktop2:CSD17575Q3_DQG,False,front,F.Cu,222.5,175.0,180.0,191.949999,138.45,180.0,1.6,0.0,verified_maximum,maximum,1.1,https://www.ti.com/lit/ds/symlink/csd17575q3.pdf,1.1,,,,8.0,9.1,,,d4f10273215db5e6d2a23fbbb6d47d9f501da9e0ff759512a6f8be15966a65b5
center,charger,Q700,BSS138,BSS138LT1G,Package_TO_SOT_SMD:SOT-23,False,back,B.Cu,208.25,170.75,90.0,177.699999,134.2,90.0,1.6,-1.6,verified_maximum,maximum,1.12,https://www.alldatasheet.com/html-pdf/115982/ONSEMI/BSS138LT1G/1119/5/BSS138LT1G.html,-2.72,,0.3,-3.02,6.4,5.28,,4.98,d4f10273215db5e6d2a23fbbb6d47d9f501da9e0ff759512a6f8be15966a65b5
center,charger,Q702,BSS138,BSS138LT1G,Package_TO_SOT_SMD:SOT-23,False,back,B.Cu,212.0,172.75,180.0,181.449999,136.2,180.0,1.6,-1.6,verified_maximum,maximum,1.12,https://www.alldatasheet.com/html-pdf/115982/ONSEMI/BSS138LT1G/1119/5/BSS138LT1G.html,-2.72,,0.3,-3.02,6.4,5.28,,4.98,d4f10273215db5e6d2a23fbbb6d47d9f501da9e0ff759512a6f8be15966a65b5
center,mu_supply,Q750,BSS138 fail-off EN/UVLO clamp,BSS138LT1G,Package_TO_SOT_SMD:SOT-23,False,back,B.Cu,144.75,120.5,90.0,114.199999,83.95,90.0,1.6,-1.6,verified_maximum,maximum,1.12,https://www.alldatasheet.com/html-pdf/115982/ONSEMI/BSS138LT1G/1119/5/BSS138LT1G.html,-2.72,,0.3,-3.02,6.4,5.28,,4.98,d4f10273215db5e6d2a23fbbb6d47d9f501da9e0ff759512a6f8be15966a65b5
center,mu_supply,Q751,BSS138 active-high enable release,BSS138LT1G,Package_TO_SOT_SMD:SOT-23,False,back,B.Cu,143.0,124.25,0.0,112.449999,87.7,0.0,1.6,-1.6,verified_maximum,maximum,1.12,https://www.alldatasheet.com/html-pdf/115982/ONSEMI/BSS138LT1G/1119/5/BSS138LT1G.html,-2.72,,0.3,-3.02,6.4,5.28,,4.98,d4f10273215db5e6d2a23fbbb6d47d9f501da9e0ff759512a6f8be15966a65b5
center,charger,Q2600,CSD17577Q3A 30V switching FET,CSD17577Q3A,ducktop2:CSD17577Q3A_DNH,False,front,F.Cu,216.0,160.75,0.0,185.449999,124.2,0.0,1.6,0.0,verified_maximum,maximum,0.9,https://www.ti.com/lit/ds/symlink/csd17577q3a.pdf,0.9,,,,8.0,8.9,,,d4f10273215db5e6d2a23fbbb6d47d9f501da9e0ff759512a6f8be15966a65b5
center,charger,Q2601,CSD17577Q3A 30V switching FET,CSD17577Q3A,ducktop2:CSD17577Q3A_DNH,False,front,F.Cu,215.9,165.0,180.0,185.349999,128.45,180.0,1.6,0.0,verified_maximum,maximum,0.9,https://www.ti.com/lit/ds/symlink/csd17577q3a.pdf,0.9,,,,8.0,8.9,,,d4f10273215db5e6d2a23fbbb6d47d9f501da9e0ff759512a6f8be15966a65b5
center,charger,Q2602,CSD17577Q3A 30V switching FET,CSD17577Q3A,ducktop2:CSD17577Q3A_DNH,False,front,F.Cu,199.9,160.0,0.0,169.349999,123.45,0.0,1.6,0.0,verified_maximum,maximum,0.9,https://www.ti.com/lit/ds/symlink/csd17577q3a.pdf,0.9,,,,8.0,8.9,,,d4f10273215db5e6d2a23fbbb6d47d9f501da9e0ff759512a6f8be15966a65b5
center,charger,Q2603,CSD17577Q3A 30V switching FET,CSD17577Q3A,ducktop2:CSD17577Q3A_DNH,False,front,F.Cu,199.9,155.75,180.0,169.349999,119.2,180.0,1.6,0.0,verified_maximum,maximum,0.9,https://www.ti.com/lit/ds/symlink/csd17577q3a.pdf,0.9,,,,8.0,8.9,,,d4f10273215db5e6d2a23fbbb6d47d9f501da9e0ff759512a6f8be15966a65b5
center,charger,Q2604,BSS138,BSS138LT1G,Package_TO_SOT_SMD:SOT-23,False,back,B.Cu,215.0,170.5,180.0,184.449999,133.95,180.0,1.6,-1.6,verified_maximum,maximum,1.12,https://www.alldatasheet.com/html-pdf/115982/ONSEMI/BSS138LT1G/1119/5/BSS138LT1G.html,-2.72,,0.3,-3.02,6.4,5.28,,4.98,d4f10273215db5e6d2a23fbbb6d47d9f501da9e0ff759512a6f8be15966a65b5
center,charger,Q2605,BSS138,BSS138LT1G,Package_TO_SOT_SMD:SOT-23,False,back,B.Cu,219.0,170.5,180.0,188.449999,133.95,180.0,1.6,-1.6,verified_maximum,maximum,1.12,https://www.alldatasheet.com/html-pdf/115982/ONSEMI/BSS138LT1G/1119/5/BSS138LT1G.html,-2.72,,0.3,-3.02,6.4,5.28,,4.98,d4f10273215db5e6d2a23fbbb6d47d9f501da9e0ff759512a6f8be15966a65b5
center,mu_supply,Q2610,CSD17577Q3A buck FET,CSD17577Q3A,ducktop2:CSD17577Q3A_DNH,False,front,F.Cu,143.75,111.75,90.0,113.199999,75.2,90.0,1.6,0.0,verified_maximum,maximum,0.9,https://www.ti.com/lit/ds/symlink/csd17577q3a.pdf,0.9,,,,8.0,8.9,,,d4f10273215db5e6d2a23fbbb6d47d9f501da9e0ff759512a6f8be15966a65b5
center,mu_supply,Q2611,CSD17577Q3A buck FET,CSD17577Q3A,ducktop2:CSD17577Q3A_DNH,False,front,F.Cu,143.75,116.3,90.0,113.199999,79.75,90.0,1.6,0.0,verified_maximum,maximum,0.9,https://www.ti.com/lit/ds/symlink/csd17577q3a.pdf,0.9,,,,8.0,8.9,,,d4f10273215db5e6d2a23fbbb6d47d9f501da9e0ff759512a6f8be15966a65b5
center,standby,Q2620,CSD19537Q3 100V,CSD19537Q3,ducktop2:CSD19537Q3_DQG,False,front,F.Cu,143.5,162.0,0.0,112.949999,125.45,0.0,1.6,0.0,verified_maximum,maximum,1.1,https://www.ti.com/lit/ds/symlink/csd19537q3.pdf,1.1,,,,8.0,9.1,,,d4f10273215db5e6d2a23fbbb6d47d9f501da9e0ff759512a6f8be15966a65b5
center,standby,Q2621,CSD19537Q3 100V,CSD19537Q3,ducktop2:CSD19537Q3_DQG,False,front,F.Cu,143.5,168.0,0.0,112.949999,131.45,0.0,1.6,0.0,verified_maximum,maximum,1.1,https://www.ti.com/lit/ds/symlink/csd19537q3.pdf,1.1,,,,8.0,9.1,,,d4f10273215db5e6d2a23fbbb6d47d9f501da9e0ff759512a6f8be15966a65b5
center,standby,Q2622,CSD19537Q3 100V,CSD19537Q3,ducktop2:CSD19537Q3_DQG,False,front,F.Cu,151.0,164.5,180.0,120.449999,127.95,180.0,1.6,0.0,verified_maximum,maximum,1.1,https://www.ti.com/lit/ds/symlink/csd19537q3.pdf,1.1,,,,8.0,9.1,,,d4f10273215db5e6d2a23fbbb6d47d9f501da9e0ff759512a6f8be15966a65b5
center,standby,Q2623,CSD19537Q3 100V,CSD19537Q3,ducktop2:CSD19537Q3_DQG,False,front,F.Cu,155.25,164.5,0.0,124.699999,127.95,0.0,1.6,0.0,verified_maximum,maximum,1.1,https://www.ti.com/lit/ds/symlink/csd19537q3.pdf,1.1,,,,8.0,9.1,,,d4f10273215db5e6d2a23fbbb6d47d9f501da9e0ff759512a6f8be15966a65b5
center,source_control,Q2644,BSS138 AUX discharge,BSS138LT1G,Package_TO_SOT_SMD:SOT-23,False,back,B.Cu,188.0,65.25,90.0,157.449999,28.7,90.0,1.6,-1.6,verified_maximum,maximum,1.12,https://www.alldatasheet.com/html-pdf/115982/ONSEMI/BSS138LT1G/1119/5/BSS138LT1G.html,-2.72,,0.3,-3.02,6.4,5.28,,4.98,d4f10273215db5e6d2a23fbbb6d47d9f501da9e0ff759512a6f8be15966a65b5
center,standby,Q2650,CSD19537Q3 100V,CSD19537Q3,ducktop2:CSD19537Q3_DQG,False,front,F.Cu,143.5,174.0,0.0,112.949999,137.45,0.0,1.6,0.0,verified_maximum,maximum,1.1,https://www.ti.com/lit/ds/symlink/csd19537q3.pdf,1.1,,,,8.0,9.1,,,d4f10273215db5e6d2a23fbbb6d47d9f501da9e0ff759512a6f8be15966a65b5
center,standby,Q2660,CSD18540Q5B AON pass FET,CSD18540Q5B,ducktop2:CSD18540Q5B_DNK,False,front,F.Cu,176.0,165.5,0.0,145.449999,128.95,0.0,1.6,0.0,unverified,,,,,,,,8.0,,,,d4f10273215db5e6d2a23fbbb6d47d9f501da9e0ff759512a6f8be15966a65b5
center,charger,R12,2.2k adapter-status LED,RC0603FR-072K2L,Resistor_SMD:R_0603_1608Metric,False,back,B.Cu,214.748476,166.606356,45.0,184.198475,130.056356,45.0,1.6,-1.6,verified_maximum,maximum,0.55,https://www.mouser.com/catalog/specsheets/RC0603.pdf,-2.15,,0.3,-2.45,6.4,5.85,,5.55,d4f10273215db5e6d2a23fbbb6d47d9f501da9e0ff759512a6f8be15966a65b5
center,charger,R13,100k throttle-release default-low,RC0603FR-07100KL,Resistor_SMD:R_0603_1608Metric,False,back,B.Cu,220.639909,167.838226,0.0,190.089908,131.288226,0.0,1.6,-1.6,verified_maximum,maximum,0.55,https://www.mouser.com/catalog/specsheets/RC0603.pdf,-2.15,,0.3,-2.45,6.4,5.85,,5.55,d4f10273215db5e6d2a23fbbb6d47d9f501da9e0ff759512a6f8be15966a65b5
center,charger,R14,100k NTC-inhibit default-on,RC0603FR-07100KL,Resistor_SMD:R_0603_1608Metric,False,back,B.Cu,208.411774,173.639909,0.0,177.861773,137.089909,0.0,1.6,-1.6,verified_maximum,maximum,0.55,https://www.mouser.com/catalog/specsheets/RC0603.pdf,-2.15,,0.3,-2.45,6.4,5.85,,5.55,d4f10273215db5e6d2a23fbbb6d47d9f501da9e0ff759512a6f8be15966a65b5
center,charger,R16,10k fixed-valid NTC resistance,RC0603FR-0710KL,Resistor_SMD:R_0603_1608Metric,False,back,B.Cu,205.0,171.312499,180.0,174.449999,134.762499,180.0,1.6,-1.6,verified_maximum,maximum,0.55,https://www.mouser.com/catalog/specsheets/RC0603.pdf,-2.15,,0.3,-2.45,6.4,5.85,,5.55,d4f10273215db5e6d2a23fbbb6d47d9f501da9e0ff759512a6f8be15966a65b5
center,charger,R18,2.21k 0.1% 25ppm 3S / 724kHz / 200mA startup,TNPW04022K21BEED,Resistor_SMD:R_0402_1005Metric,False,back,B.Cu,208.952226,166.180375,315.0,178.402225,129.630375,315.0,1.6,-1.6,verified_maximum,maximum,0.4,https://www.vishay.com/doc?28758,-2.0,,0.3,-2.3,6.4,6.0,,5.7,d4f10273215db5e6d2a23fbbb6d47d9f501da9e0ff759512a6f8be15966a65b5
center,charger,R704,100R battery voltage filter,RC0402FR-07100RL,Resistor_SMD:R_0402_1005Metric,False,back,B.Cu,205.136178,164.886508,180.0,174.586177,128.336508,180.0,1.6,-1.6,verified_maximum,maximum,0.4,https://yageogroup.com/content/datasheet/asset/file/PYU-RC_51_ROHS_P,-2.0,,0.3,-2.3,6.4,6.0,,5.7,d4f10273215db5e6d2a23fbbb6d47d9f501da9e0ff759512a6f8be15966a65b5
center,charger,R706,2.2R input damper,RC0603FR-072R2L,Resistor_SMD:R_0603_1608Metric,False,front,F.Cu,235.7125,155.25,90.0,205.162499,118.7,90.0,1.6,0.0,verified_maximum,maximum,0.55,https://www.mouser.com/catalog/specsheets/RC0603.pdf,0.55,,,,8.0,8.55,,,d4f10273215db5e6d2a23fbbb6d47d9f501da9e0ff759512a6f8be15966a65b5
center,charger,R719,100k charge request default-low,RC0603FR-07100KL,Resistor_SMD:R_0603_1608Metric,False,back,B.Cu,209.84497,157.091012,0.0,179.294969,120.541012,0.0,1.6,-1.6,verified_maximum,maximum,0.55,https://www.mouser.com/catalog/specsheets/RC0603.pdf,-2.15,,0.3,-2.45,6.4,5.85,,5.55,d4f10273215db5e6d2a23fbbb6d47d9f501da9e0ff759512a6f8be15966a65b5
center,mu_supply,R750,10R ISP Kelvin filter,RC0402FR-0710RL,Resistor_SMD:R_0402_1005Metric,False,back,B.Cu,152.8,120.5,90.0,122.249999,83.95,90.0,1.6,-1.6,verified_maximum,maximum,0.4,https://yageogroup.com/content/datasheet/asset/file/PYU-RC_51_ROHS_P,-2.0,,0.3,-2.3,6.4,6.0,,5.7,d4f10273215db5e6d2a23fbbb6d47d9f501da9e0ff759512a6f8be15966a65b5
center,mu_supply,R751,10R ISN Kelvin filter,RC0402FR-0710RL,Resistor_SMD:R_0402_1005Metric,False,back,B.Cu,154.4,120.5,90.0,123.849999,83.95,90.0,1.6,-1.6,verified_maximum,maximum,0.4,https://yageogroup.com/content/datasheet/asset/file/PYU-RC_51_ROHS_P,-2.0,,0.3,-2.3,6.4,6.0,,5.7,d4f10273215db5e6d2a23fbbb6d47d9f501da9e0ff759512a6f8be15966a65b5
center,mu_supply,R752,49.9R FB isolation,RC0603FR-0749R9L,Resistor_SMD:R_0603_1608Metric,False,back,B.Cu,159.65,117.9,180.0,129.099999,81.35,180.0,1.6,-1.6,verified_maximum,maximum,0.55,https://www.mouser.com/catalog/specsheets/RC0603.pdf,-2.15,,0.3,-2.45,6.4,5.85,,5.55,d4f10273215db5e6d2a23fbbb6d47d9f501da9e0ff759512a6f8be15966a65b5
center,mu_supply,R753,102k 0.1% 10ppm 12V FB high,TNPW0603102KBYEA,Resistor_SMD:R_0603_1608Metric,False,back,B.Cu,156.5,117.9,180.0,125.949999,81.35,180.0,1.6,-1.6,verified_maximum,maximum,0.55,https://www.vishay.com/doc?28758,-2.15,,0.3,-2.45,6.4,5.85,,5.55,d4f10273215db5e6d2a23fbbb6d47d9f501da9e0ff759512a6f8be15966a65b5
center,mu_supply,R754,11.3k 0.02% 5ppm 12V FB low,TNPU060311K3HZEN00,Resistor_SMD:R_0603_1608Metric,False,back,B.Cu,155.75,120.25,270.0,125.199999,83.7,270.0,1.6,-1.6,verified_maximum,maximum,0.55,https://www.vishay.com/docs/28779/tnpue3.pdf,-2.15,,0.3,-2.45,6.4,5.85,,5.55,d4f10273215db5e6d2a23fbbb6d47d9f501da9e0ff759512a6f8be15966a65b5
center,mu_supply,R755,15k 1% COMP series,RC0402FR-0715KL,Resistor_SMD:R_0402_1005Metric,False,back,B.Cu,155.0,114.9,0.0,124.449999,78.35,0.0,1.6,-1.6,verified_maximum,maximum,0.4,https://yageogroup.com/content/datasheet/asset/file/PYU-RC_51_ROHS_P,-2.0,,0.3,-2.3,6.4,6.0,,5.7,d4f10273215db5e6d2a23fbbb6d47d9f501da9e0ff759512a6f8be15966a65b5
center,mu_supply,R756,49.9k 0.02% 5ppm FSW = 400kHz,TNPU060349K9HZEN00,Resistor_SMD:R_0603_1608Metric,False,back,B.Cu,150.35,122.1,270.0,119.799999,85.55,270.0,1.6,-1.6,verified_maximum,maximum,0.55,https://www.vishay.com/docs/28779/tnpue3.pdf,-2.15,,0.3,-2.45,6.4,5.85,,5.55,d4f10273215db5e6d2a23fbbb6d47d9f501da9e0ff759512a6f8be15966a65b5
center,mu_supply,R757,0R MODE internal LDO / forced PWM,RC0603JR-070RL,Resistor_SMD:R_0603_1608Metric,False,back,B.Cu,149.95,119.75,180.0,119.399999,83.2,180.0,1.6,-1.6,verified_maximum,maximum,0.55,https://www.mouser.com/catalog/specsheets/RC0603.pdf,-2.15,,0.3,-2.45,6.4,5.85,,5.55,d4f10273215db5e6d2a23fbbb6d47d9f501da9e0ff759512a6f8be15966a65b5
center,mu_supply,R758,26.7k 1% inductor limit; about 12.4A nominal,RC0603FR-0726K7L,Resistor_SMD:R_0603_1608Metric,False,back,B.Cu,156.9,116.2,0.0,126.349999,79.65,0.0,1.6,-1.6,verified_maximum,maximum,0.55,https://www.mouser.com/catalog/specsheets/RC0603.pdf,-2.15,,0.3,-2.45,6.4,5.85,,5.55,d4f10273215db5e6d2a23fbbb6d47d9f501da9e0ff759512a6f8be15966a65b5
center,mu_supply,R759,150k 0.1% 10ppm UVLO high; 9.0V rising,TNPW0603150KBYEA,Resistor_SMD:R_0603_1608Metric,False,back,B.Cu,146.9,114.7,0.0,116.349999,78.15,0.0,1.6,-1.6,verified_maximum,maximum,0.55,https://www.vishay.com/doc?28758,-2.15,,0.3,-2.45,6.4,5.85,,5.55,d4f10273215db5e6d2a23fbbb6d47d9f501da9e0ff759512a6f8be15966a65b5
center,mu_supply,R760,23.7k 0.02% 5ppm UVLO low,TNPU060323K7HZEN00,Resistor_SMD:R_0603_1608Metric,False,back,B.Cu,146.9,118.15,180.0,116.349999,81.6,180.0,1.6,-1.6,verified_maximum,maximum,0.55,https://www.vishay.com/docs/28779/tnpue3.pdf,-2.15,,0.3,-2.45,6.4,5.85,,5.55,d4f10273215db5e6d2a23fbbb6d47d9f501da9e0ff759512a6f8be15966a65b5
center,mu_supply,R761,100k fail-off gate divider low,RC0603FR-07100KL,Resistor_SMD:R_0603_1608Metric,False,back,B.Cu,146.55413,123.280387,0.0,116.004129,86.730387,0.0,1.6,-1.6,verified_maximum,maximum,0.55,https://www.mouser.com/catalog/specsheets/RC0603.pdf,-2.15,,0.3,-2.45,6.4,5.85,,5.55,d4f10273215db5e6d2a23fbbb6d47d9f501da9e0ff759512a6f8be15966a65b5
center,mu_supply,R762,100k PG pull-up,RC0603FR-07100KL,Resistor_SMD:R_0603_1608Metric,False,back,B.Cu,150.129602,115.315074,180.0,119.579601,78.765074,180.0,1.6,-1.6,verified_maximum,maximum,0.55,https://www.mouser.com/catalog/specsheets/RC0603.pdf,-2.15,,0.3,-2.45,6.4,5.85,,5.55,d4f10273215db5e6d2a23fbbb6d47d9f501da9e0ff759512a6f8be15966a65b5
center,mu_supply,R763,100k CC pull-up,RC0603FR-07100KL,Resistor_SMD:R_0603_1608Metric,False,front,F.Cu,147.65,119.8,270.0,117.099999,83.25,270.0,1.6,0.0,verified_maximum,maximum,0.55,https://www.mouser.com/catalog/specsheets/RC0603.pdf,0.55,,,,8.0,8.55,,,d4f10273215db5e6d2a23fbbb6d47d9f501da9e0ff759512a6f8be15966a65b5
center,mu_supply,R764,DNP 2.2R 0.25W switch-node snubber,ERJ-8RQF2R2V,Resistor_SMD:R_1206_3216Metric,True,front,F.Cu,139.5,117.972501,180.0,108.949999,81.422501,180.0,1.6,0.0,unverified,,,,,,,,8.0,,,,d4f10273215db5e6d2a23fbbb6d47d9f501da9e0ff759512a6f8be15966a65b5
center,mu_supply,R765,DNP 2.2R 0.25W switch-node snubber,ERJ-8RQF2R2V,Resistor_SMD:R_1206_3216Metric,True,front,F.Cu,157.174611,114.122569,0.0,126.62461,77.572569,0.0,1.6,0.0,unverified,,,,,,,,8.0,,,,d4f10273215db5e6d2a23fbbb6d47d9f501da9e0ff759512a6f8be15966a65b5
center,mu_supply,R766,100k fail-off gate divider high,RC0603FR-07100KL,Resistor_SMD:R_0603_1608Metric,False,back,B.Cu,146.52913,124.780387,180.0,115.979129,88.230387,180.0,1.6,-1.6,verified_maximum,maximum,0.55,https://www.mouser.com/catalog/specsheets/RC0603.pdf,-2.15,,0.3,-2.45,6.4,5.85,,5.55,d4f10273215db5e6d2a23fbbb6d47d9f501da9e0ff759512a6f8be15966a65b5
center,standby,R781,10k aggregate AON fault pull-up,RC0603FR-0710KL,Resistor_SMD:R_0603_1608Metric,False,back,B.Cu,181.0,175.0,0.0,150.449999,138.45,0.0,1.6,-1.6,verified_maximum,maximum,0.55,https://www.mouser.com/catalog/specsheets/RC0603.pdf,-2.15,,0.3,-2.45,6.4,5.85,,5.55,d4f10273215db5e6d2a23fbbb6d47d9f501da9e0ff759512a6f8be15966a65b5
center,standby,R795,56.2k 0.02% 5ppm AON UV top,TNPU060356K2HZEN00,Resistor_SMD:R_0603_1608Metric,False,front,F.Cu,153.5,167.5,0.0,122.949999,130.95,0.0,1.6,0.0,verified_maximum,maximum,0.55,https://www.vishay.com/docs/28779/tnpue3.pdf,0.55,,,,8.0,8.55,,,d4f10273215db5e6d2a23fbbb6d47d9f501da9e0ff759512a6f8be15966a65b5
center,standby,R796,8.25k 0.02% 5ppm AON UV bottom,TNPU06038K25HZEN00,Resistor_SMD:R_0603_1608Metric,False,front,F.Cu,153.5,169.1,180.0,122.949999,132.55,180.0,1.6,0.0,verified_maximum,maximum,0.55,https://www.vishay.com/docs/28779/tnpue3.pdf,0.55,,,,8.0,8.55,,,d4f10273215db5e6d2a23fbbb6d47d9f501da9e0ff759512a6f8be15966a65b5
center,standby,R797,100k 0.02% 5ppm AON OV top,TNPU0603100KHZEN00,Resistor_SMD:R_0603_1608Metric,False,front,F.Cu,156.7,167.5,0.0,126.149999,130.95,0.0,1.6,0.0,verified_maximum,maximum,0.55,https://www.vishay.com/docs/28779/tnpue3.pdf,0.55,,,,8.0,8.55,,,d4f10273215db5e6d2a23fbbb6d47d9f501da9e0ff759512a6f8be15966a65b5
center,standby,R798,2.15k 0.02% 5ppm AON OV bottom,TNPU06032K15HZEN00,Resistor_SMD:R_0603_1608Metric,False,front,F.Cu,156.7,169.1,180.0,126.149999,132.55,180.0,1.6,0.0,verified_maximum,maximum,0.55,https://www.vishay.com/docs/28779/tnpue3.pdf,0.55,,,,8.0,8.55,,,d4f10273215db5e6d2a23fbbb6d47d9f501da9e0ff759512a6f8be15966a65b5
center,standby,R799,100k standby enable pull-up,RC0603FR-07100KL,Resistor_SMD:R_0603_1608Metric,False,back,B.Cu,161.683433,164.48408,180.0,131.133432,127.93408,180.0,1.6,-1.6,verified_maximum,maximum,0.55,https://www.mouser.com/catalog/specsheets/RC0603.pdf,-2.15,,0.3,-2.45,6.4,5.85,,5.55,d4f10273215db5e6d2a23fbbb6d47d9f501da9e0ff759512a6f8be15966a65b5
center,charger,R2260,1k temperature-permit input,RC0603FR-071KL,Resistor_SMD:R_0603_1608Metric,False,back,B.Cu,208.1125,152.75,270.0,177.562499,116.2,270.0,1.6,-1.6,verified_maximum,maximum,0.55,https://www.mouser.com/catalog/specsheets/RC0603.pdf,-2.15,,0.3,-2.45,6.4,5.85,,5.55,d4f10273215db5e6d2a23fbbb6d47d9f501da9e0ff759512a6f8be15966a65b5
center,charger,R2261,100k temperature-permit default-low,RC0603FR-07100KL,Resistor_SMD:R_0603_1608Metric,False,back,B.Cu,208.8625,155.5,180.0,178.312499,118.95,180.0,1.6,-1.6,verified_maximum,maximum,0.55,https://www.mouser.com/catalog/specsheets/RC0603.pdf,-2.15,,0.3,-2.45,6.4,5.85,,5.55,d4f10273215db5e6d2a23fbbb6d47d9f501da9e0ff759512a6f8be15966a65b5
center,charger,R2262,4.7k charge-permit default-low,RC0603FR-074K7L,Resistor_SMD:R_0603_1608Metric,False,back,B.Cu,213.65503,150.658988,0.0,183.105029,114.108988,0.0,1.6,-1.6,verified_maximum,maximum,0.55,https://www.mouser.com/catalog/specsheets/RC0603.pdf,-2.15,,0.3,-2.45,6.4,5.85,,5.55,d4f10273215db5e6d2a23fbbb6d47d9f501da9e0ff759512a6f8be15966a65b5
center,charger,R2263,100k pack-fault default-low,RC0603FR-07100KL,Resistor_SMD:R_0603_1608Metric,False,back,B.Cu,214.0,153.0,90.0,183.449999,116.45,90.0,1.6,-1.6,verified_maximum,maximum,0.55,https://www.mouser.com/catalog/specsheets/RC0603.pdf,-2.15,,0.3,-2.45,6.4,5.85,,5.55,d4f10273215db5e6d2a23fbbb6d47d9f501da9e0ff759512a6f8be15966a65b5
center,charger,R2600,100k BGATE to source,RC0603FR-07100KL,Resistor_SMD:R_0603_1608Metric,False,back,B.Cu,224.354024,173.744671,0.0,193.804023,137.194671,0.0,1.6,-1.6,verified_maximum,maximum,0.55,https://www.mouser.com/catalog/specsheets/RC0603.pdf,-2.15,,0.3,-2.45,6.4,5.85,,5.55,d4f10273215db5e6d2a23fbbb6d47d9f501da9e0ff759512a6f8be15966a65b5
center,charger,R2601,10R DCIN filter,RC0603FR-0710RL,Resistor_SMD:R_0603_1608Metric,False,back,B.Cu,210.181551,165.620771,135.0,179.63155,129.070771,135.0,1.6,-1.6,verified_maximum,maximum,0.55,https://www.mouser.com/catalog/specsheets/RC0603.pdf,-2.15,,0.3,-2.45,6.4,5.85,,5.55,d4f10273215db5e6d2a23fbbb6d47d9f501da9e0ff759512a6f8be15966a65b5
center,charger,R2602,4.7R VDDP filter,RC0603FR-074R7L,Resistor_SMD:R_0603_1608Metric,False,back,B.Cu,211.846348,160.885975,45.0,181.296347,124.335975,45.0,1.6,-1.6,verified_maximum,maximum,0.55,https://www.mouser.com/catalog/specsheets/RC0603.pdf,-2.15,,0.3,-2.45,6.4,5.85,,5.55,d4f10273215db5e6d2a23fbbb6d47d9f501da9e0ff759512a6f8be15966a65b5
center,charger,R2603,0R gate link,RC0603JR-070RL,Resistor_SMD:R_0603_1608Metric,False,back,B.Cu,214.2,161.225,45.0,183.649999,124.675,45.0,1.6,-1.6,verified_maximum,maximum,0.55,https://www.mouser.com/catalog/specsheets/RC0603.pdf,-2.15,,0.3,-2.45,6.4,5.85,,5.55,d4f10273215db5e6d2a23fbbb6d47d9f501da9e0ff759512a6f8be15966a65b5
center,charger,R2604,0R gate link,RC0603JR-070RL,Resistor_SMD:R_0603_1608Metric,False,back,B.Cu,217.2,164.024999,45.0,186.649999,127.474999,45.0,1.6,-1.6,verified_maximum,maximum,0.55,https://www.mouser.com/catalog/specsheets/RC0603.pdf,-2.15,,0.3,-2.45,6.4,5.85,,5.55,d4f10273215db5e6d2a23fbbb6d47d9f501da9e0ff759512a6f8be15966a65b5
center,charger,R2605,0R gate link,RC0603JR-070RL,Resistor_SMD:R_0603_1608Metric,False,back,B.Cu,198.35,160.725,180.0,167.799999,124.175,180.0,1.6,-1.6,verified_maximum,maximum,0.55,https://www.mouser.com/catalog/specsheets/RC0603.pdf,-2.15,,0.3,-2.45,6.4,5.85,,5.55,d4f10273215db5e6d2a23fbbb6d47d9f501da9e0ff759512a6f8be15966a65b5
center,charger,R2606,0R gate link,RC0603JR-070RL,Resistor_SMD:R_0603_1608Metric,False,back,B.Cu,201.45,155.024999,135.0,170.899999,118.474999,135.0,1.6,-1.6,verified_maximum,maximum,0.55,https://www.mouser.com/catalog/specsheets/RC0603.pdf,-2.15,,0.3,-2.45,6.4,5.85,,5.55,d4f10273215db5e6d2a23fbbb6d47d9f501da9e0ff759512a6f8be15966a65b5
center,charger,R2607,2R input sense filter,RC0402FR-072RL,Resistor_SMD:R_0402_1005Metric,False,back,B.Cu,212.64034,158.660009,180.0,182.090339,122.110009,180.0,1.6,-1.6,verified_maximum,maximum,0.4,https://yageogroup.com/content/datasheet/asset/file/PYU-RC_51_ROHS_P,-2.0,,0.3,-2.3,6.4,6.0,,5.7,d4f10273215db5e6d2a23fbbb6d47d9f501da9e0ff759512a6f8be15966a65b5
center,charger,R2608,1k forward compensation,RC0402FR-071KL,Resistor_SMD:R_0402_1005Metric,False,back,B.Cu,205.021843,165.994831,180.0,174.471842,129.444831,180.0,1.6,-1.6,verified_maximum,maximum,0.4,https://yageogroup.com/content/datasheet/asset/file/PYU-RC_51_ROHS_P,-2.0,,0.3,-2.3,6.4,6.0,,5.7,d4f10273215db5e6d2a23fbbb6d47d9f501da9e0ff759512a6f8be15966a65b5
center,charger,R2609,1k reverse compensation,RC0402FR-071KL,Resistor_SMD:R_0402_1005Metric,False,back,B.Cu,206.069625,167.202226,225.0,175.519624,130.652226,225.0,1.6,-1.6,verified_maximum,maximum,0.4,https://yageogroup.com/content/datasheet/asset/file/PYU-RC_51_ROHS_P,-2.0,,0.3,-2.3,6.4,6.0,,5.7,d4f10273215db5e6d2a23fbbb6d47d9f501da9e0ff759512a6f8be15966a65b5
center,charger,R2610,4.53k current monitor filter,RC0402FR-074K53L,Resistor_SMD:R_0402_1005Metric,False,back,B.Cu,202.255169,163.978157,180.0,171.705168,127.428157,180.0,1.6,-1.6,verified_maximum,maximum,0.4,https://yageogroup.com/content/datasheet/asset/file/PYU-RC_51_ROHS_P,-2.0,,0.3,-2.3,6.4,6.0,,5.7,d4f10273215db5e6d2a23fbbb6d47d9f501da9e0ff759512a6f8be15966a65b5
center,charger,R2611,20k PSYS monitor load,RC0402FR-0720KL,Resistor_SMD:R_0402_1005Metric,False,back,B.Cu,202.797774,162.430375,90.0,172.247773,125.880375,90.0,1.6,-1.6,verified_maximum,maximum,0.4,https://yageogroup.com/content/datasheet/asset/file/PYU-RC_51_ROHS_P,-2.0,,0.3,-2.3,6.4,6.0,,5.7,d4f10273215db5e6d2a23fbbb6d47d9f501da9e0ff759512a6f8be15966a65b5
center,charger,R2612,100k throttle default-on,RC0603FR-07100KL,Resistor_SMD:R_0603_1608Metric,False,back,B.Cu,216.889909,167.838226,180.0,186.339908,131.288226,180.0,1.6,-1.6,verified_maximum,maximum,0.55,https://www.mouser.com/catalog/specsheets/RC0603.pdf,-2.15,,0.3,-2.45,6.4,5.85,,5.55,d4f10273215db5e6d2a23fbbb6d47d9f501da9e0ff759512a6f8be15966a65b5
center,mu_supply,R2613,1R gate resistor,RC0603FR-071RL,Resistor_SMD:R_0603_1608Metric,False,front,F.Cu,147.25,114.25,180.0,116.699999,77.7,180.0,1.6,0.0,verified_maximum,maximum,0.55,https://www.mouser.com/catalog/specsheets/RC0603.pdf,0.55,,,,8.0,8.55,,,d4f10273215db5e6d2a23fbbb6d47d9f501da9e0ff759512a6f8be15966a65b5
center,mu_supply,R2614,1R gate resistor,RC0603FR-071RL,Resistor_SMD:R_0603_1608Metric,False,front,F.Cu,147.5,117.5,180.0,116.949999,80.95,180.0,1.6,0.0,verified_maximum,maximum,0.55,https://www.mouser.com/catalog/specsheets/RC0603.pdf,0.55,,,,8.0,8.55,,,d4f10273215db5e6d2a23fbbb6d47d9f501da9e0ff759512a6f8be15966a65b5
center,standby,R2620,10k gate ramp resistor,RC0603FR-0710KL,Resistor_SMD:R_0603_1608Metric,False,back,B.Cu,161.683433,169.01592,0.0,131.133432,132.46592,0.0,1.6,-1.6,verified_maximum,maximum,0.55,https://www.mouser.com/catalog/specsheets/RC0603.pdf,-2.15,,0.3,-2.45,6.4,5.85,,5.55,d4f10273215db5e6d2a23fbbb6d47d9f501da9e0ff759512a6f8be15966a65b5
center,source_control,R2640,100k 1% bias sense top,RC0603FR-07100KL,Resistor_SMD:R_0603_1608Metric,False,back,B.Cu,198.3,176.65,0.0,167.749999,140.1,0.0,1.6,-1.6,verified_maximum,maximum,0.55,https://www.mouser.com/catalog/specsheets/RC0603.pdf,-2.15,,0.3,-2.45,6.4,5.85,,5.55,d4f10273215db5e6d2a23fbbb6d47d9f501da9e0ff759512a6f8be15966a65b5
center,source_control,R2641,24.9k 1% bias sense bottom,RC0603FR-0724K9L,Resistor_SMD:R_0603_1608Metric,False,back,B.Cu,197.3,178.4,180.0,166.749999,141.85,180.0,1.6,-1.6,verified_maximum,maximum,0.55,https://www.mouser.com/catalog/specsheets/RC0603.pdf,-2.15,,0.3,-2.45,6.4,5.85,,5.55,d4f10273215db5e6d2a23fbbb6d47d9f501da9e0ff759512a6f8be15966a65b5
center,source_control,R2642,10k bias-good pull-up,RC0603FR-0710KL,Resistor_SMD:R_0603_1608Metric,False,back,B.Cu,198.3,181.35,0.0,167.749999,144.8,0.0,1.6,-1.6,verified_maximum,maximum,0.55,https://www.mouser.com/catalog/specsheets/RC0603.pdf,-2.15,,0.3,-2.45,6.4,5.85,,5.55,d4f10273215db5e6d2a23fbbb6d47d9f501da9e0ff759512a6f8be15966a65b5
center,source_control,R2643,100k PROCHOT sense default-low,RC0603FR-07100KL,Resistor_SMD:R_0603_1608Metric,False,back,B.Cu,209.3,176.05,90.0,178.749999,139.5,90.0,1.6,-1.6,verified_maximum,maximum,0.55,https://www.mouser.com/catalog/specsheets/RC0603.pdf,-2.15,,0.3,-2.45,6.4,5.85,,5.55,d4f10273215db5e6d2a23fbbb6d47d9f501da9e0ff759512a6f8be15966a65b5
center,source_control,R2644,10k AUX permission series,RC0603FR-0710KL,Resistor_SMD:R_0603_1608Metric,False,back,B.Cu,182.066567,76.76592,180.0,151.516566,40.21592,180.0,1.6,-1.6,verified_maximum,maximum,0.55,https://www.mouser.com/catalog/specsheets/RC0603.pdf,-2.15,,0.3,-2.45,6.4,5.85,,5.55,d4f10273215db5e6d2a23fbbb6d47d9f501da9e0ff759512a6f8be15966a65b5
center,source_control,R2645,47k AUX permission default-off,RC0603FR-0747KL,Resistor_SMD:R_0603_1608Metric,False,back,B.Cu,179.791567,76.51592,90.0,149.241566,39.96592,90.0,1.6,-1.6,verified_maximum,maximum,0.55,https://www.mouser.com/catalog/specsheets/RC0603.pdf,-2.15,,0.3,-2.45,6.4,5.85,,5.55,d4f10273215db5e6d2a23fbbb6d47d9f501da9e0ff759512a6f8be15966a65b5
center,source_control,R2646,1k 1W switched AUX discharge,RC2512FR-071KL,Resistor_SMD:R_2512_6332Metric,False,front,F.Cu,185.0,65.75,0.0,154.449999,29.2,0.0,1.6,0.0,verified_maximum,maximum,0.65,https://yageogroup.com/content/datasheet/asset/file/PYU-RC_51_ROHS_P,0.65,,,,8.0,8.65,,,d4f10273215db5e6d2a23fbbb6d47d9f501da9e0ff759512a6f8be15966a65b5
center,source_control,R2647,100k discharge gate default-low,RC0603FR-07100KL,Resistor_SMD:R_0603_1608Metric,False,back,B.Cu,189.304129,68.28039,0.0,158.754128,31.73039,0.0,1.6,-1.6,verified_maximum,maximum,0.55,https://www.mouser.com/catalog/specsheets/RC0603.pdf,-2.15,,0.3,-2.45,6.4,5.85,,5.55,d4f10273215db5e6d2a23fbbb6d47d9f501da9e0ff759512a6f8be15966a65b5
center,standby,R2661,10R gate damping,RC0402FR-0710RL,Resistor_SMD:R_0402_1005Metric,False,back,B.Cu,179.624456,167.661061,180.0,149.074455,131.111061,180.0,1.6,-1.6,verified_maximum,maximum,0.4,https://yageogroup.com/content/datasheet/asset/file/PYU-RC_51_ROHS_P,-2.0,,0.3,-2.3,6.4,6.0,,5.7,d4f10273215db5e6d2a23fbbb6d47d9f501da9e0ff759512a6f8be15966a65b5
center,standby,R2662,180m 1% 0.25W parallel AON shunt,WSL1206R1800FEA,Resistor_SMD:R_1206_3216Metric,False,front,F.Cu,169.0,167.15,0.0,138.449999,130.6,0.0,1.6,0.0,verified_maximum,maximum,0.889,https://www.vishay.com/docs/30100/wsl.pdf,0.889,,,,8.0,8.889,,,d4f10273215db5e6d2a23fbbb6d47d9f501da9e0ff759512a6f8be15966a65b5
center,standby,R2663,100k always-on enable,RC0603FR-07100KL,Resistor_SMD:R_0603_1608Metric,False,back,B.Cu,167.16348,167.004358,0.0,136.613479,130.454358,0.0,1.6,-1.6,verified_maximum,maximum,0.55,https://www.mouser.com/catalog/specsheets/RC0603.pdf,-2.15,,0.3,-2.45,6.4,5.85,,5.55,d4f10273215db5e6d2a23fbbb6d47d9f501da9e0ff759512a6f8be15966a65b5
center,standby,R2664,1k gate-ramp branch,RC0603FR-071KL,Resistor_SMD:R_0603_1608Metric,False,back,B.Cu,175.107322,171.098557,0.0,144.557321,134.548557,0.0,1.6,-1.6,verified_maximum,maximum,0.55,https://www.mouser.com/catalog/specsheets/RC0603.pdf,-2.15,,0.3,-2.45,6.4,5.85,,5.55,d4f10273215db5e6d2a23fbbb6d47d9f501da9e0ff759512a6f8be15966a65b5
center,mu_supply,RS750,16m 1% 1W; parallel pair gives 8m,ERJ8CWFR016V,ducktop2:Panasonic_ERJ8CW_10to16m_Center,False,front,F.Cu,159.0,124.0,0.0,128.449999,87.45,0.0,1.6,0.0,unverified,,,,,,,,8.0,,,,d4f10273215db5e6d2a23fbbb6d47d9f501da9e0ff759512a6f8be15966a65b5
center,charger,RS2600,20m 1% 2W input Kelvin shunt,WSL2512R0200FEA18,Resistor_SMD:R_2512_6332Metric,False,front,F.Cu,231.0,155.5,180.0,200.449999,118.95,180.0,1.6,0.0,verified_maximum,maximum,0.889,https://www.vishay.com/doc?31057,0.889,,,,8.0,8.889,,,d4f10273215db5e6d2a23fbbb6d47d9f501da9e0ff759512a6f8be15966a65b5
center,charger,RS2601,10m 1% 2W battery Kelvin shunt,WSLP2512R0100FEA,Resistor_SMD:R_2512_6332Metric,False,front,F.Cu,216.5,175.0,0.0,185.949999,138.45,0.0,1.6,0.0,verified_maximum,maximum,0.889,https://www.vishay.com/docs/30122/wslp.pdf,0.889,,,,8.0,8.889,,,d4f10273215db5e6d2a23fbbb6d47d9f501da9e0ff759512a6f8be15966a65b5
center,standby,RS2620,22m 1% 2W AON Kelvin shunt,WSL2512R0220FEA18,Resistor_SMD:R_2512_6332Metric,False,front,F.Cu,162.0,164.5,0.0,131.449999,127.95,0.0,1.6,0.0,verified_maximum,maximum,0.889,https://www.vishay.com/doc?31057,0.889,,,,8.0,8.889,,,d4f10273215db5e6d2a23fbbb6d47d9f501da9e0ff759512a6f8be15966a65b5
center,standby,RS2660,180m 1% 0.25W parallel AON shunt,WSL1206R1800FEA,Resistor_SMD:R_1206_3216Metric,False,front,F.Cu,169.0,164.5,0.0,138.449999,127.95,0.0,1.6,0.0,verified_maximum,maximum,0.889,https://www.vishay.com/docs/30100/wsl.pdf,0.889,,,,8.0,8.889,,,d4f10273215db5e6d2a23fbbb6d47d9f501da9e0ff759512a6f8be15966a65b5
center,mu_supply,RS2670,16m 1% 1W; parallel pair gives 8m,ERJ8CWFR016V,ducktop2:Panasonic_ERJ8CW_10to16m_Center,False,front,F.Cu,159.0,126.65,0.0,128.449999,90.1,0.0,1.6,0.0,unverified,,,,,,,,8.0,,,,d4f10273215db5e6d2a23fbbb6d47d9f501da9e0ff759512a6f8be15966a65b5
center,standby,TP2660,AON reset,,TestPoint:TestPoint_Pad_D1.5mm,False,front,F.Cu,171.0,177.5,0.0,140.449999,140.95,0.0,1.6,0.0,unverified,,,,,,,,8.0,,,,d4f10273215db5e6d2a23fbbb6d47d9f501da9e0ff759512a6f8be15966a65b5
center,standby,TP2661,GND,,TestPoint:TestPoint_Pad_D1.5mm,False,front,F.Cu,174.0,177.5,0.0,143.449999,140.95,0.0,1.6,0.0,unverified,,,,,,,,8.0,,,,d4f10273215db5e6d2a23fbbb6d47d9f501da9e0ff759512a6f8be15966a65b5
center,charger,U2,ISL9241IRTZ,ISL9241IRTZ,ducktop2:Renesas_L32_4x4D_QFN32_EP2.7,False,back,B.Cu,207.75,162.5,315.0,177.199999,125.95,315.0,1.6,-1.6,verified_maximum,maximum,0.85,https://www.renesas.com/en/document/dst/isl9241-datasheet,-2.45,,0.3,-2.75,6.4,5.55,,5.25,d4f10273215db5e6d2a23fbbb6d47d9f501da9e0ff759512a6f8be15966a65b5
center,standby,U718,LTC4368IMS-2#PBF standby breaker,LTC4368IMS-2#PBF,Package_SO:MSOP-10_3x3mm_P0.5mm,False,back,B.Cu,158.25,166.75,0.0,127.699999,130.2,0.0,1.6,-1.6,verified_maximum,maximum,1.1,https://www.analog.com/media/en/technical-documentation/data-sheets/ltc4368.pdf,-2.7,,0.3,-3.0,6.4,5.3,,5.0,d4f10273215db5e6d2a23fbbb6d47d9f501da9e0ff759512a6f8be15966a65b5
center,mu_supply,U750,TPS552882RPMR 12V buck-boost,TPS552882RPMR,ducktop2:Texas_RPM0026A_VQFN-HR26_4x3.5,False,front,F.Cu,151.625,117.5,0.0,121.074999,80.95,0.0,1.6,0.0,unverified,,,,,,,,8.0,,,,d4f10273215db5e6d2a23fbbb6d47d9f501da9e0ff759512a6f8be15966a65b5
center,charger,U2210,SN74LVC1G08DBVR,SN74LVC1G08DBVR,Package_TO_SOT_SMD:SOT-23-5,False,back,B.Cu,211.0,153.0,0.0,180.449999,116.45,0.0,1.6,-1.6,verified_maximum,maximum,1.45,https://www.ti.com/lit/ds/symlink/sn74lvc1g08.pdf,-3.05,,0.3,-3.35,6.4,4.95,,4.65,d4f10273215db5e6d2a23fbbb6d47d9f501da9e0ff759512a6f8be15966a65b5
center,standby,U2620,LM74700QDBVRQ1,LM74700QDBVRQ1,Package_TO_SOT_SMD:SOT-23-6,False,back,B.Cu,143.5,162.25,180.0,112.949999,125.7,180.0,1.6,-1.6,verified_maximum,maximum,1.45,https://www.ti.com/lit/ds/symlink/lm74700-q1.pdf,-3.05,,0.3,-3.35,6.4,4.95,,4.65,d4f10273215db5e6d2a23fbbb6d47d9f501da9e0ff759512a6f8be15966a65b5
center,standby,U2621,LM74700QDBVRQ1,LM74700QDBVRQ1,Package_TO_SOT_SMD:SOT-23-6,False,back,B.Cu,143.5,168.25,180.0,112.949999,131.7,180.0,1.6,-1.6,verified_maximum,maximum,1.45,https://www.ti.com/lit/ds/symlink/lm74700-q1.pdf,-3.05,,0.3,-3.35,6.4,4.95,,4.65,d4f10273215db5e6d2a23fbbb6d47d9f501da9e0ff759512a6f8be15966a65b5
center,source_control,U2634,TPS3700DDCR charger-bias detector,TPS3700DDCR,Package_TO_SOT_SMD:SOT-23-6,False,back,B.Cu,201.0,179.0,0.0,170.449999,142.45,0.0,1.6,-1.6,verified_maximum,maximum,1.1,https://www.ti.com/lit/ds/symlink/tps3700.pdf,-2.7,,0.3,-3.0,6.4,5.3,,5.0,d4f10273215db5e6d2a23fbbb6d47d9f501da9e0ff759512a6f8be15966a65b5
center,source_control,U2635,TCA9537DGSR power status and AUX control,TCA9537DGSR,Package_SO:MSOP-10_3x3mm_P0.5mm,False,back,B.Cu,206.75,178.75,270.0,176.199999,142.2,270.0,1.6,-1.6,verified_maximum,maximum,1.1,https://www.ti.com/lit/ds/symlink/tca9537.pdf,-2.7,,0.3,-3.0,6.4,5.3,,5.0,d4f10273215db5e6d2a23fbbb6d47d9f501da9e0ff759512a6f8be15966a65b5
center,source_control,U2644,SN74LVC1G04DBVR AUX discharge,SN74LVC1G04DBVR,Package_TO_SOT_SMD:SOT-23-5,False,back,B.Cu,192.0,66.0,0.0,161.449999,29.45,0.0,1.6,-1.6,verified_maximum,maximum,1.45,https://www.ti.com/lit/ds/symlink/sn74lvc1g04.pdf,-3.05,,0.3,-3.35,6.4,4.95,,4.65,d4f10273215db5e6d2a23fbbb6d47d9f501da9e0ff759512a6f8be15966a65b5
center,standby,U2650,LM74700QDBVRQ1 system standby feed,LM74700QDBVRQ1,Package_TO_SOT_SMD:SOT-23-6,False,back,B.Cu,143.5,174.25,180.0,112.949999,137.7,180.0,1.6,-1.6,verified_maximum,maximum,1.45,https://www.ti.com/lit/ds/symlink/lm74700-q1.pdf,-3.05,,0.3,-3.35,6.4,4.95,,4.65,d4f10273215db5e6d2a23fbbb6d47d9f501da9e0ff759512a6f8be15966a65b5
center,standby,U2660,LTC4231IMS-1#PBF standby current limiter,LTC4231IMS-1#PBF,Package_SO:MSOP-12_3x4.039mm_P0.65mm,False,back,B.Cu,172.0,168.0,0.0,141.449999,131.45,0.0,1.6,-1.6,verified_maximum,maximum,1.1,https://www.analog.com/media/en/technical-documentation/data-sheets/ltc4231.pdf,-2.7,,0.3,-3.0,6.4,5.3,,5.0,d4f10273215db5e6d2a23fbbb6d47d9f501da9e0ff759512a6f8be15966a65b5
left,pd1_input,C2080,100n 50V input local,GRM188R71H104KA93D,Capacitor_SMD:C_0603_1608Metric,False,front,F.Cu,45.6875,27.333333,180.0,45.6875,27.333333,180.0,1.6,0.0,verified_maximum,maximum,0.9,https://www.murata.com/-/media/webrenewal/tool/library/common-pdf/dynamic-model/component-list-d-mlcc-2506.ashx?cvid=20250805040419000000&la=ja-jp,0.9,,,,8.0,8.9,,,3499effa27ff141a0cebc4ac7929f0bec0777861d0c7ebfdd9b790beb7825343
left,pd1_input,C2081,10u 25V output,GRM31CR71E106KA12L,Capacitor_SMD:C_1206_3216Metric,False,front,F.Cu,54.8625,26.75,0.0,54.8625,26.75,0.0,1.6,0.0,verified_maximum,maximum,1.8,https://docs.rs-online.com/aab4/0900766b813d2ca8.pdf,1.8,,,,8.0,9.8,,,3499effa27ff141a0cebc4ac7929f0bec0777861d0c7ebfdd9b790beb7825343
left,pd1_input,C2082,10n 50V C0G slew control,GRM1885C1H103JA01D,Capacitor_SMD:C_0603_1608Metric,False,front,F.Cu,54.0,28.75,0.0,54.0,28.75,0.0,1.6,0.0,verified_maximum,maximum,0.9,https://www.farnell.com/datasheets/2048016.pdf,0.9,,,,8.0,8.9,,,3499effa27ff141a0cebc4ac7929f0bec0777861d0c7ebfdd9b790beb7825343
left,pd1_input,C2630,100n 50V inverter bypass,GRM188R71H104KA93D,Capacitor_SMD:C_0603_1608Metric,False,back,B.Cu,50.6,37.1,180.0,50.6,37.1,180.0,1.6,-1.6,verified_maximum,maximum,0.9,https://www.murata.com/-/media/webrenewal/tool/library/common-pdf/dynamic-model/component-list-d-mlcc-2506.ashx?cvid=20250805040419000000&la=ja-jp,-2.5,,0.3,-2.8,6.4,5.5,,5.2,3499effa27ff141a0cebc4ac7929f0bec0777861d0c7ebfdd9b790beb7825343
left,pd1_input,Q2630,BSS138 switched discharge,BSS138LT1G,Package_TO_SOT_SMD:SOT-23,False,back,B.Cu,55.0,34.5,0.0,55.0,34.5,0.0,1.6,-1.6,verified_maximum,maximum,1.12,https://www.alldatasheet.com/html-pdf/115982/ONSEMI/BSS138LT1G/1119/5/BSS138LT1G.html,-2.72,,0.3,-3.02,6.4,5.28,,4.98,3499effa27ff141a0cebc4ac7929f0bec0777861d0c7ebfdd9b790beb7825343
left,pd1_input,R2080,1k 1W switched input discharge,RC2512FR-071KL,Resistor_SMD:R_2512_6332Metric,False,back,B.Cu,54.5,30.0,0.0,54.5,30.0,0.0,1.6,-1.6,verified_maximum,maximum,0.65,https://yageogroup.com/content/datasheet/asset/file/PYU-RC_51_ROHS_P,-2.25,,0.3,-2.55,6.4,5.75,,5.45,3499effa27ff141a0cebc4ac7929f0bec0777861d0c7ebfdd9b790beb7825343
left,pd1_input,R2081,100k discharge gate default-low,RC0603FR-07100KL,Resistor_SMD:R_0603_1608Metric,False,back,B.Cu,54.5,37.1,0.0,54.5,37.1,0.0,1.6,-1.6,verified_maximum,maximum,0.55,https://www.mouser.com/catalog/specsheets/RC0603.pdf,-2.15,,0.3,-2.45,6.4,5.85,,5.55,3499effa27ff141a0cebc4ac7929f0bec0777861d0c7ebfdd9b790beb7825343
left,pd1_input,R2082,1k IMON load,RC0603FR-071KL,Resistor_SMD:R_0603_1608Metric,False,front,F.Cu,50.375,32.125,270.0,50.375,32.125,270.0,1.6,0.0,verified_maximum,maximum,0.55,https://www.mouser.com/catalog/specsheets/RC0603.pdf,0.55,,,,8.0,8.55,,,3499effa27ff141a0cebc4ac7929f0bec0777861d0c7ebfdd9b790beb7825343
left,pd1_input,R2083,267R 0.1% sink breaker; 5.58A nominal,RT0603BRD07267RL,Resistor_SMD:R_0603_1608Metric,False,front,F.Cu,48.775,32.125,270.0,48.775,32.125,270.0,1.6,0.0,verified_maximum,maximum,0.55,https://www.datasheets.com/yageo/RT0603BRD0710RL/datasheet.pdf,0.55,,,,8.0,8.55,,,3499effa27ff141a0cebc4ac7929f0bec0777861d0c7ebfdd9b790beb7825343
left,pd1_input,R2084,47k sink enable default-off,RC0603FR-0747KL,Resistor_SMD:R_0603_1608Metric,False,front,F.Cu,46.5,29.625,270.0,46.5,29.625,270.0,1.6,0.0,verified_maximum,maximum,0.55,https://www.mouser.com/catalog/specsheets/RC0603.pdf,0.55,,,,8.0,8.55,,,3499effa27ff141a0cebc4ac7929f0bec0777861d0c7ebfdd9b790beb7825343
left,pd1_input,R2085,10k sink enable series,RC0603FR-0710KL,Resistor_SMD:R_0603_1608Metric,False,back,B.Cu,47.5,32.0,180.0,47.5,32.0,180.0,1.6,-1.6,verified_maximum,maximum,0.55,https://www.mouser.com/catalog/specsheets/RC0603.pdf,-2.15,,0.3,-2.45,6.4,5.85,,5.55,3499effa27ff141a0cebc4ac7929f0bec0777861d0c7ebfdd9b790beb7825343
left,pd1_input,R2086,150k sink PG pull-up; valid with input off,RC0603FR-07150KL,Resistor_SMD:R_0603_1608Metric,False,front,F.Cu,54.0,30.375,180.0,54.0,30.375,180.0,1.6,0.0,verified_maximum,maximum,0.55,https://www.mouser.com/catalog/specsheets/RC0603.pdf,0.55,,,,8.0,8.55,,,3499effa27ff141a0cebc4ac7929f0bec0777861d0c7ebfdd9b790beb7825343
left,pd1_input,U720,TPS259827ONRGER PD1 sink breaker,TPS259827ONRGER,ducktop2:Texas_RGE0024M_QFN24_4x4_2EP,False,front,F.Cu,49.9,28.0,0.0,49.9,28.0,0.0,1.6,0.0,verified_maximum,maximum,1.0,https://www.ti.com/lit/ds/symlink/tps25982.pdf,1.0,,,,8.0,9.0,,,3499effa27ff141a0cebc4ac7929f0bec0777861d0c7ebfdd9b790beb7825343
left,pd1_input,U2630,SN74LVC1G04DBVR discharge control,SN74LVC1G04DBVR,Package_TO_SOT_SMD:SOT-23-5,False,back,B.Cu,50.5,34.5,0.0,50.5,34.5,0.0,1.6,-1.6,verified_maximum,maximum,1.45,https://www.ti.com/lit/ds/symlink/sn74lvc1g04.pdf,-3.05,,0.3,-3.35,6.4,4.95,,4.65,3499effa27ff141a0cebc4ac7929f0bec0777861d0c7ebfdd9b790beb7825343
right,pd2_input,C2090,100n 50V input local,GRM188R71H104KA93D,Capacitor_SMD:C_0603_1608Metric,False,back,B.Cu,339.75,44.55,270.0,339.75,44.55,270.0,1.6,-1.6,verified_maximum,maximum,0.9,https://www.murata.com/-/media/webrenewal/tool/library/common-pdf/dynamic-model/component-list-d-mlcc-2506.ashx?cvid=20250805040419000000&la=ja-jp,-2.5,,0.3,-2.8,6.4,5.5,,5.2,a9977a14a190f8afcc0c1334cdbf92d7da6b7722dc7ebd4f046e842fb733ff5b
right,pd2_input,C2091,10u 25V output,GRM31CR71E106KA12L,Capacitor_SMD:C_1206_3216Metric,False,back,B.Cu,343.25,40.5,90.0,343.25,40.5,90.0,1.6,-1.6,verified_maximum,maximum,1.8,https://docs.rs-online.com/aab4/0900766b813d2ca8.pdf,-3.4,,0.3,-3.7,6.4,4.6,,4.3,a9977a14a190f8afcc0c1334cdbf92d7da6b7722dc7ebd4f046e842fb733ff5b
right,pd2_input,C2092,10n 50V C0G slew control,GRM1885C1H103JA01D,Capacitor_SMD:C_0603_1608Metric,False,back,B.Cu,339.25,36.4,90.0,339.25,36.4,90.0,1.6,-1.6,verified_maximum,maximum,0.9,https://www.farnell.com/datasheets/2048016.pdf,-2.5,,0.3,-2.8,6.4,5.5,,5.2,a9977a14a190f8afcc0c1334cdbf92d7da6b7722dc7ebd4f046e842fb733ff5b
right,pd2_input,C2631,100n 50V inverter bypass,GRM188R71H104KA93D,Capacitor_SMD:C_0603_1608Metric,False,back,B.Cu,342.25,56.6,0.0,342.25,56.6,0.0,1.6,-1.6,verified_maximum,maximum,0.9,https://www.murata.com/-/media/webrenewal/tool/library/common-pdf/dynamic-model/component-list-d-mlcc-2506.ashx?cvid=20250805040419000000&la=ja-jp,-2.5,,0.3,-2.8,6.4,5.5,,5.2,a9977a14a190f8afcc0c1334cdbf92d7da6b7722dc7ebd4f046e842fb733ff5b
right,pd2_input,Q2631,BSS138 switched discharge,BSS138LT1G,Package_TO_SOT_SMD:SOT-23,False,back,B.Cu,345.5,53.9,270.0,345.5,53.9,270.0,1.6,-1.6,verified_maximum,maximum,1.12,https://www.alldatasheet.com/html-pdf/115982/ONSEMI/BSS138LT1G/1119/5/BSS138LT1G.html,-2.72,,0.3,-3.02,6.4,5.28,,4.98,a9977a14a190f8afcc0c1334cdbf92d7da6b7722dc7ebd4f046e842fb733ff5b
right,pd2_input,R2090,1k 1W switched input discharge,RC2512FR-071KL,Resistor_SMD:R_2512_6332Metric,False,back,B.Cu,346.0,47.25,270.0,346.0,47.25,270.0,1.6,-1.6,verified_maximum,maximum,0.65,https://yageogroup.com/content/datasheet/asset/file/PYU-RC_51_ROHS_P,-2.25,,0.3,-2.55,6.4,5.75,,5.45,a9977a14a190f8afcc0c1334cdbf92d7da6b7722dc7ebd4f046e842fb733ff5b
right,pd2_input,R2091,100k discharge gate default-low,RC0603FR-07100KL,Resistor_SMD:R_0603_1608Metric,False,back,B.Cu,342.25,51.125,180.0,342.25,51.125,180.0,1.6,-1.6,verified_maximum,maximum,0.55,https://www.mouser.com/catalog/specsheets/RC0603.pdf,-2.15,,0.3,-2.45,6.4,5.85,,5.55,a9977a14a190f8afcc0c1334cdbf92d7da6b7722dc7ebd4f046e842fb733ff5b
right,pd2_input,R2092,1k IMON load,RC0603FR-071KL,Resistor_SMD:R_0603_1608Metric,False,back,B.Cu,335.4,39.65,180.0,335.4,39.65,180.0,1.6,-1.6,verified_maximum,maximum,0.55,https://www.mouser.com/catalog/specsheets/RC0603.pdf,-2.15,,0.3,-2.45,6.4,5.85,,5.55,a9977a14a190f8afcc0c1334cdbf92d7da6b7722dc7ebd4f046e842fb733ff5b
right,pd2_input,R2093,267R 0.1% sink breaker; 5.58A nominal,RT0603BRD07267RL,Resistor_SMD:R_0603_1608Metric,False,back,B.Cu,335.4,41.25,180.0,335.4,41.25,180.0,1.6,-1.6,verified_maximum,maximum,0.55,https://www.datasheets.com/yageo/RT0603BRD0710RL/datasheet.pdf,-2.15,,0.3,-2.45,6.4,5.85,,5.55,a9977a14a190f8afcc0c1334cdbf92d7da6b7722dc7ebd4f046e842fb733ff5b
right,pd2_input,R2094,47k sink enable default-off,RC0603FR-0747KL,Resistor_SMD:R_0603_1608Metric,False,back,B.Cu,337.75,44.6,270.0,337.75,44.6,270.0,1.6,-1.6,verified_maximum,maximum,0.55,https://www.mouser.com/catalog/specsheets/RC0603.pdf,-2.15,,0.3,-2.45,6.4,5.85,,5.55,a9977a14a190f8afcc0c1334cdbf92d7da6b7722dc7ebd4f046e842fb733ff5b
right,pd2_input,R2095,10k sink enable series,RC0603FR-0710KL,Resistor_SMD:R_0603_1608Metric,False,back,B.Cu,335.4,44.6,0.0,335.4,44.6,0.0,1.6,-1.6,verified_maximum,maximum,0.55,https://www.mouser.com/catalog/specsheets/RC0603.pdf,-2.15,,0.3,-2.45,6.4,5.85,,5.55,a9977a14a190f8afcc0c1334cdbf92d7da6b7722dc7ebd4f046e842fb733ff5b
right,pd2_input,R2096,150k sink PG pull-up; valid with input off,RC0603FR-07150KL,Resistor_SMD:R_0603_1608Metric,False,back,B.Cu,337.625,36.4,270.0,337.625,36.4,270.0,1.6,-1.6,verified_maximum,maximum,0.55,https://www.mouser.com/catalog/specsheets/RC0603.pdf,-2.15,,0.3,-2.45,6.4,5.85,,5.55,a9977a14a190f8afcc0c1334cdbf92d7da6b7722dc7ebd4f046e842fb733ff5b
right,pd2_input,U721,TPS259827ONRGER PD2 sink breaker,TPS259827ONRGER,ducktop2:Texas_RGE0024M_QFN24_4x4_2EP,False,back,B.Cu,339.5,40.5,90.0,339.5,40.5,90.0,1.6,-1.6,verified_maximum,maximum,1.0,https://www.ti.com/lit/ds/symlink/tps25982.pdf,-2.6,,0.3,-2.9,6.4,5.4,,5.1,a9977a14a190f8afcc0c1334cdbf92d7da6b7722dc7ebd4f046e842fb733ff5b
right,pd2_input,U2631,SN74LVC1G04DBVR discharge control,SN74LVC1G04DBVR,Package_TO_SOT_SMD:SOT-23-5,False,back,B.Cu,340.75,53.9,0.0,340.75,53.9,0.0,1.6,-1.6,verified_maximum,maximum,1.45,https://www.ti.com/lit/ds/symlink/sn74lvc1g04.pdf,-3.05,,0.3,-3.35,6.4,4.95,,4.65,a9977a14a190f8afcc0c1334cdbf92d7da6b7722dc7ebd4f046e842fb733ff5b
