reference,X_mm,Y_mm,Z_mm,mating_part,hole_mm,thread,support_height_mm,fastener_length_mm,insulation,status,washer_thickness_mm,top_thread_engagement_mm,engagement_mm,head_diameter_mm,head_height_mm,OEM_screw_length_mm
center/H21,110.25,6.05,-6.4,"base, nylon M2.5 male/female standoff",2.7,M2.5,4.0,5,"nylon screw, support, washer and underside nut; preserve PCB isolation",XY/drill verified from saved board; purchased hardware fit pending,0.5,2.9,,,,
center/H22,105.0,70.0,-6.4,"base, nylon M2.5 male/female standoff",2.7,M2.5,4.0,5,"nylon screw, support, washer and underside nut; preserve PCB isolation",XY/drill verified from saved board; purchased hardware fit pending,0.5,2.9,,,,
center/H23,124.1,180.4,-6.4,"base, nylon M2.5 male/female standoff",2.7,M2.5,4.0,5,"nylon screw, support, washer and underside nut; preserve PCB isolation",XY/drill verified from saved board; purchased hardware fit pending,0.5,2.9,,,,
center/H24,149.0,148.0,-6.4,"base, nylon M2.5 male/female standoff",2.7,M2.5,4.0,5,"nylon screw, support, washer and underside nut; preserve PCB isolation",XY/drill verified from saved board; purchased hardware fit pending,0.5,2.9,,,,
center/H25,208.85,4.95,-6.4,"base, nylon M2.5 male/female standoff",2.7,M2.5,4.0,5,"nylon screw, support, washer and underside nut; preserve PCB isolation",XY/drill verified from saved board; purchased hardware fit pending,0.5,2.9,,,,
center/H26,253.15,134.5,-6.4,"base, nylon M2.5 male/female standoff",2.7,M2.5,4.0,5,"nylon screw, support, washer and underside nut; preserve PCB isolation",XY/drill verified from saved board; purchased hardware fit pending,0.5,2.9,,,,
left/H10,5.0,150.75,-6.4,"base, nylon M2.5 male/female standoff",2.7,M2.5,4.0,5,"nylon screw, support, washer and underside nut; preserve PCB isolation",XY/drill verified from saved board; purchased hardware fit pending,0.5,2.9,,,,
left/H11,5.0,180.75,-6.4,"base, nylon M2.5 male/female standoff",2.7,M2.5,4.0,5,"nylon screw, support, washer and underside nut; preserve PCB isolation",XY/drill verified from saved board; purchased hardware fit pending,0.5,2.9,,,,
left/H12,63.8,6.1,-6.4,"base, nylon M2.5 male/female standoff",2.7,M2.5,4.0,5,"nylon screw, support, washer and underside nut; preserve PCB isolation",XY/drill verified from saved board; purchased hardware fit pending,0.5,2.9,,,,
left/H16,5.0,12.85,-6.4,"base, nylon M2.5 male/female standoff",2.7,M2.5,4.0,5,"nylon screw, support, washer and underside nut; preserve PCB isolation",XY/drill verified from saved board; purchased hardware fit pending,0.5,2.9,,,,
right/H13,353.0,58.75,-6.4,"base, nylon M2.5 male/female standoff",2.7,M2.5,4.0,5,"nylon screw, support, washer and underside nut; preserve PCB isolation",XY/drill verified from saved board; purchased hardware fit pending,0.5,2.9,,,,
right/H15,353.0,19.65,-6.4,"base, nylon M2.5 male/female standoff",2.7,M2.5,4.0,5,"nylon screw, support, washer and underside nut; preserve PCB isolation",XY/drill verified from saved board; purchased hardware fit pending,0.5,2.9,,,,
right/H17,353.0,112.05,-6.4,"base, nylon M2.5 male/female standoff",2.7,M2.5,4.0,5,"nylon screw, support, washer and underside nut; preserve PCB isolation",XY/drill verified from saved board; purchased hardware fit pending,0.5,2.9,,,,
bms/edge-hole-1,156.25,163.498,-10.4,"base, 8 mm insulating standoff",3.041382,M2.5 proposed,8.0,5,"all support, screw, washer and nut parts electrically insulating",four real Edge.Cuts holes; no middle supports; hardware fit pending,,,,,,
bms/edge-hole-2,156.2793,156.248,-10.4,"base, 8 mm insulating standoff",3.041382,M2.5 proposed,8.0,5,"all support, screw, washer and nut parts electrically insulating",four real Edge.Cuts holes; no middle supports; hardware fit pending,,,,,,
bms/edge-hole-3,213.65,156.148,-10.4,"base, 8 mm insulating standoff",3.041382,M2.5 proposed,8.0,5,"all support, screw, washer and nut parts electrically insulating",four real Edge.Cuts holes; no middle supports; hardware fit pending,,,,,,
bms/edge-hole-4,214.0,182.398,-10.4,"base, 8 mm insulating standoff",3.041382,M2.5 proposed,8.0,5,"all support, screw, washer and nut parts electrically insulating",four real Edge.Cuts holes; no middle supports; hardware fit pending,,,,,,
center/H1,238.3,76.8,-13.5,Wurth 9774055243R Mu support,3.0,M2,5.5,measure module/card stack,existing PCB support; not a chassis hole,saved geometry; screw length unresolved,,,,,,
center/H2,238.3,13.2,-13.5,Wurth 9774055243R Mu support,3.0,M2,5.5,measure module/card stack,existing PCB support; not a chassis hole,saved geometry; screw length unresolved,,,,,,
center/H3,273.1,97.35,-10.5,M2 NVMe retainer,2.75,M2,2.5,measure module/card stack,existing PCB support; not a chassis hole,saved geometry; screw length unresolved,,,,,,
center/H4,144.25,97.3,-10.5,M2 Wi-Fi retainer,2.75,M2,2.5,measure module/card stack,existing PCB support; not a chassis hole,saved geometry; screw length unresolved,,,,,,
spine-10,10,-14,-5.4,rear spine to base,3.2,M3,3,10,clear of all PCBs,proposed; physical fit pending,,,,,,
spine-70,70,-14,-5.4,rear spine to base,3.2,M3,3,10,clear of all PCBs,proposed; physical fit pending,,,,,,
spine-110,110,-14,-5.4,rear spine to base,3.2,M3,3,10,clear of all PCBs,proposed; physical fit pending,,,,,,
spine-190,190,-14,-5.4,rear spine to base,3.2,M3,3,10,clear of all PCBs,proposed; physical fit pending,,,,,,
spine-270,270,-14,-5.4,rear spine to base,3.2,M3,3,10,clear of all PCBs,proposed; physical fit pending,,,,,,
spine-348,348,-14,-5.4,rear spine to base,3.2,M3,3,10,clear of all PCBs,proposed; physical fit pending,,,,,,
left-base-adapter-16.5,16.5,18,-28.0,steel adapter to captured M3 hex nut in hinge tower,3.2,M3,3,6,"structural metal, isolated from board",nut pockets loaded before steel adapter; F195 withdrawal needs adapter removal,,,,,,
left-base-adapter-42.5,42.5,18,-28.0,steel adapter to captured M3 hex nut in hinge tower,3.2,M3,3,6,"structural metal, isolated from board",nut pockets loaded before steel adapter; F195 withdrawal needs adapter removal,,,,,,
left-tower-16.5--11,16.5,-11,-7.9,tower to base/spine; through-bolt and underside nut,3.2,M3,5.5,12,no board contact,head access counterbore; fit before hinge adapter plate,,,,,,
left-tower-16.5-12,16.5,12,-7.9,tower to base/spine; through-bolt and underside nut,3.2,M3,5.5,12,no board contact,head access counterbore; fit before hinge adapter plate,,,,,,
left-tower-42.5--11,42.5,-11,-7.9,tower to base/spine; through-bolt and underside nut,3.2,M3,5.5,12,no board contact,head access counterbore; fit before hinge adapter plate,,,,,,
left-tower-42.5-12,42.5,12,-7.9,tower to base/spine; through-bolt and underside nut,3.2,M3,5.5,12,no board contact,head access counterbore; fit before hinge adapter plate,,,,,,
left-hinge-base-1,16,8.55,-29.0,OEM hinge to steel plate,2.7 round/slot,M2,3,4,structural,CAD seat verified; tap and physical fit pending,,,3,4.6,0.6,
left-hinge-base-2,24.5,8.55,-29.0,OEM hinge to steel plate,2.7 round/slot,M2,3,4,structural,CAD seat verified; tap and physical fit pending,,,3,4.6,0.6,
right-base-adapter-315.5,315.5,18,-27.1,steel adapter to captured M3 hex nut in hinge tower,3.2,M3,3,6,"structural metal, isolated from board",nut pockets loaded before steel adapter; F195 withdrawal needs adapter removal,,,,,,
right-base-adapter-341.5,341.5,18,-27.1,steel adapter to captured M3 hex nut in hinge tower,3.2,M3,3,6,"structural metal, isolated from board",nut pockets loaded before steel adapter; F195 withdrawal needs adapter removal,,,,,,
right-tower-315.5--11,315.5,-11,-7.9,tower to base/spine; through-bolt and underside nut,3.2,M3,5.5,12,no board contact,head access counterbore; fit before hinge adapter plate,,,,,,
right-tower-315.5-12,315.5,12,-7.9,tower to base/spine; through-bolt and underside nut,3.2,M3,5.5,12,no board contact,head access counterbore; fit before hinge adapter plate,,,,,,
right-tower-341.5--11,341.5,-11,-7.9,tower to base/spine; through-bolt and underside nut,3.2,M3,5.5,12,no board contact,head access counterbore; fit before hinge adapter plate,,,,,,
right-tower-341.5-12,341.5,12,-7.9,tower to base/spine; through-bolt and underside nut,3.2,M3,5.5,12,no board contact,head access counterbore; fit before hinge adapter plate,,,,,,
right-hinge-base-1,342,8.55,-28.1,OEM hinge to steel plate,2.7 round/slot,M2,3,4,structural,CAD seat verified; tap and physical fit pending,,,3,4.6,0.6,
right-hinge-base-2,333.5,8.55,-28.1,OEM hinge to steel plate,2.7 round/slot,M2,3,4,structural,CAD seat verified; tap and physical fit pending,,,3,4.6,0.6,
MK430/acoustic-duct,120.0,168.0,-2.4,base acoustic port and foam gasket,2,none,4,none,insulating foam,mic XY verified; port offset/seal acoustic test pending,,,,,,
deck-1,-3,12,-35,removable deck to case post,2.8,M2.5,30.200000000000003,8,posts remain outside PCB material,2.05 mm tap pilot; FDM tapped-thread pullout test pending,,,,,,
deck-2,361,12,-35,removable deck to case post,2.8,M2.5,30.200000000000003,8,posts remain outside PCB material,2.05 mm tap pilot; FDM tapped-thread pullout test pending,,,,,,
deck-3,-3,122,-35,removable deck to case post,2.8,M2.5,30.200000000000003,8,posts remain outside PCB material,2.05 mm tap pilot; FDM tapped-thread pullout test pending,,,,,,
deck-4,361,122,-35,removable deck to case post,2.8,M2.5,30.200000000000003,8,posts remain outside PCB material,2.05 mm tap pilot; FDM tapped-thread pullout test pending,,,,,,
deck-5,-3,251,-35,removable deck to case post,2.8,M2.5,30.200000000000003,8,posts remain outside PCB material,2.05 mm tap pilot; FDM tapped-thread pullout test pending,,,,,,
deck-6,179,251,-35,removable deck to case post,2.8,M2.5,30.200000000000003,8,posts remain outside PCB material,2.05 mm tap pilot; FDM tapped-thread pullout test pending,,,,,,
deck-7,361,251,-35,removable deck to case post,2.8,M2.5,30.200000000000003,8,posts remain outside PCB material,2.05 mm tap pilot; FDM tapped-thread pullout test pending,,,,,,
base-splice-1-4-4,173,24,-2.4,base tiles to 3 mm underside splice,3.2,M3,3,8,clear of electronics; countersunk head fit pending,proposed; physical fit pending,,,,,,
base-splice-1-16-4,185,24,-2.4,base tiles to 3 mm underside splice,3.2,M3,3,8,clear of electronics; countersunk head fit pending,proposed; physical fit pending,,,,,,
base-splice-1-4-16,173,36,-2.4,base tiles to 3 mm underside splice,3.2,M3,3,8,clear of electronics; countersunk head fit pending,proposed; physical fit pending,,,,,,
base-splice-1-16-16,185,36,-2.4,base tiles to 3 mm underside splice,3.2,M3,3,8,clear of electronics; countersunk head fit pending,proposed; physical fit pending,,,,,,
base-splice-2-4-4,173,164,-2.4,base tiles to 3 mm underside splice,3.2,M3,3,8,clear of electronics; countersunk head fit pending,proposed; physical fit pending,,,,,,
base-splice-2-16-4,185,164,-2.4,base tiles to 3 mm underside splice,3.2,M3,3,8,clear of electronics; countersunk head fit pending,proposed; physical fit pending,,,,,,
base-splice-2-4-16,173,176,-2.4,base tiles to 3 mm underside splice,3.2,M3,3,8,clear of electronics; countersunk head fit pending,proposed; physical fit pending,,,,,,
base-splice-2-16-16,185,176,-2.4,base tiles to 3 mm underside splice,3.2,M3,3,8,clear of electronics; countersunk head fit pending,proposed; physical fit pending,,,,,,
base-splice-3-4-4,44,109,-2.4,base tiles to 3 mm underside splice,3.2,M3,3,8,clear of electronics; countersunk head fit pending,proposed; physical fit pending,,,,,,
base-splice-3-16-4,56,109,-2.4,base tiles to 3 mm underside splice,3.2,M3,3,8,clear of electronics; countersunk head fit pending,proposed; physical fit pending,,,,,,
base-splice-3-4-16,44,121,-2.4,base tiles to 3 mm underside splice,3.2,M3,3,8,clear of electronics; countersunk head fit pending,proposed; physical fit pending,,,,,,
base-splice-3-16-16,56,121,-2.4,base tiles to 3 mm underside splice,3.2,M3,3,8,clear of electronics; countersunk head fit pending,proposed; physical fit pending,,,,,,
base-splice-4-4-4,289,109,-2.4,base tiles to 3 mm underside splice,3.2,M3,3,8,clear of electronics; countersunk head fit pending,proposed; physical fit pending,,,,,,
base-splice-4-16-4,301,109,-2.4,base tiles to 3 mm underside splice,3.2,M3,3,8,clear of electronics; countersunk head fit pending,proposed; physical fit pending,,,,,,
base-splice-4-4-16,289,121,-2.4,base tiles to 3 mm underside splice,3.2,M3,3,8,clear of electronics; countersunk head fit pending,proposed; physical fit pending,,,,,,
base-splice-4-16-16,301,121,-2.4,base tiles to 3 mm underside splice,3.2,M3,3,8,clear of electronics; countersunk head fit pending,proposed; physical fit pending,,,,,,
keyboard-clip-1,48,17.8,-33.5,edge clip to carrier; no PCB drilling,2.2,M2,0.9,6,nylon pad against PCB,edge/cap fit pending,,,,,,
keyboard-clip-2,100,17.8,-33.5,edge clip to carrier; no PCB drilling,2.2,M2,0.9,6,nylon pad against PCB,edge/cap fit pending,,,,,,
keyboard-clip-3,258,17.8,-33.5,edge clip to carrier; no PCB drilling,2.2,M2,0.9,6,nylon pad against PCB,edge/cap fit pending,,,,,,
keyboard-clip-4,310,17.8,-33.5,edge clip to carrier; no PCB drilling,2.2,M2,0.9,6,nylon pad against PCB,edge/cap fit pending,,,,,,
keyboard-clip-5,48,102.2,-33.5,edge clip to carrier; no PCB drilling,2.2,M2,0.9,6,nylon pad against PCB,edge/cap fit pending,,,,,,
keyboard-clip-6,100,102.2,-33.5,edge clip to carrier; no PCB drilling,2.2,M2,0.9,6,nylon pad against PCB,edge/cap fit pending,,,,,,
keyboard-clip-7,258,102.2,-33.5,edge clip to carrier; no PCB drilling,2.2,M2,0.9,6,nylon pad against PCB,edge/cap fit pending,,,,,,
keyboard-clip-8,310,102.2,-33.5,edge clip to carrier; no PCB drilling,2.2,M2,0.9,6,nylon pad against PCB,edge/cap fit pending,,,,,,
keyboard-carrier-deck-1,37,35,-35,carrier to removable deck,2.8,M2.5,6.100000000000001,8,insulating supports; no PCB hole,insert and carrier stiffness fit pending,,,,,,
keyboard-carrier-deck-2,37,85,-35,carrier to removable deck,2.8,M2.5,6.100000000000001,8,insulating supports; no PCB hole,insert and carrier stiffness fit pending,,,,,,
keyboard-carrier-deck-3,321,35,-35,carrier to removable deck,2.8,M2.5,6.100000000000001,8,insulating supports; no PCB hole,insert and carrier stiffness fit pending,,,,,,
keyboard-carrier-deck-4,321,85,-35,carrier to removable deck,2.8,M2.5,6.100000000000001,8,insulating supports; no PCB hole,insert and carrier stiffness fit pending,,,,,,
trackpad-bridge-105-143,105,143,-35,deck to independent trackpad bridge with underside nut,3.2,M3,10.5,16,insulating pads; no contact with cells,click loads into bridge and deck; actual mounting pending,,,,,,
trackpad-bridge-105-246,105,246,-35,deck to independent trackpad bridge with underside nut,3.2,M3,10.5,16,insulating pads; no contact with cells,click loads into bridge and deck; actual mounting pending,,,,,,
trackpad-bridge-253-143,253,143,-35,deck to independent trackpad bridge with underside nut,3.2,M3,10.5,16,insulating pads; no contact with cells,click loads into bridge and deck; actual mounting pending,,,,,,
trackpad-bridge-253-246,253,246,-35,deck to independent trackpad bridge with underside nut,3.2,M3,10.5,16,insulating pads; no contact with cells,click loads into bridge and deck; actual mounting pending,,,,,,
cell-1-tray-25,25,251,-3.4,cell tray tab to floor with underside nut,2.8,M2.5,1,6,nylon hardware; all fasteners outside cell plan,tab fit and full pack outline pending,,,,,,
cell-1-tray-85,85,251,-3.4,cell tray tab to floor with underside nut,2.8,M2.5,1,6,nylon hardware; all fasteners outside cell plan,tab fit and full pack outline pending,,,,,,
cell-1-retention,55,218,-3.4,padded tray with noncompressive removable straps,0,none,1,none,"dielectric tray/pad, tabs individually insulated","full pack dimensions, tabs and swelling allowance pending",,,,,,
cell-2-tray-149,149,251,-3.4,cell tray tab to floor with underside nut,2.8,M2.5,1,6,nylon hardware; all fasteners outside cell plan,tab fit and full pack outline pending,,,,,,
cell-2-tray-209,209,251,-3.4,cell tray tab to floor with underside nut,2.8,M2.5,1,6,nylon hardware; all fasteners outside cell plan,tab fit and full pack outline pending,,,,,,
cell-2-retention,179,218,-3.4,padded tray with noncompressive removable straps,0,none,1,none,"dielectric tray/pad, tabs individually insulated","full pack dimensions, tabs and swelling allowance pending",,,,,,
cell-3-tray-273,273,251,-3.4,cell tray tab to floor with underside nut,2.8,M2.5,1,6,nylon hardware; all fasteners outside cell plan,tab fit and full pack outline pending,,,,,,
cell-3-tray-333,333,251,-3.4,cell tray tab to floor with underside nut,2.8,M2.5,1,6,nylon hardware; all fasteners outside cell plan,tab fit and full pack outline pending,,,,,,
cell-3-retention,303,218,-3.4,padded tray with noncompressive removable straps,0,none,1,none,"dielectric tray/pad, tabs individually insulated","full pack dimensions, tabs and swelling allowance pending",,,,,,
radio/H4,290.0,226.0,-21.6,"radio to deck, insulating suspension tube",2.2,M2,11.0,20,insulating standoff and washers,PCB hole verified; suspended placement proposed,,,,,,
radio/H1,352.0,114.0,-21.6,"radio to deck, insulating suspension tube",2.2,M2,11.0,20,insulating standoff and washers,PCB hole verified; suspended placement proposed,,,,,,
radio/H2,352.0,226.0,-21.6,"radio to deck, insulating suspension tube",2.2,M2,11.0,20,insulating standoff and washers,PCB hole verified; suspended placement proposed,,,,,,
radio/H3,290.0,114.0,-21.6,"radio to deck, insulating suspension tube",2.2,M2,11.0,20,insulating standoff and washers,PCB hole verified; suspended placement proposed,,,,,,
oled-1-deck-1,293.65,150,-35,OLED tray to deck with underside M2 nut,2.2,M2,7,10,insulating module tray,module edge/clamp fit pending,,,,,,
oled-1-deck-2,293.65,187.3,-35,OLED tray to deck with underside M2 nut,2.2,M2,7,10,insulating module tray,module edge/clamp fit pending,,,,,,
oled-1,293.65,168.65,-30,clip tray under removable deck,0,clips,2,none,insulating,module dimensions and tabs pending,,,,,,
oled-2-deck-1,323.65,150,-35,OLED tray to deck with underside M2 nut,2.2,M2,7,10,insulating module tray,module edge/clamp fit pending,,,,,,
oled-2-deck-2,323.65,187.3,-35,OLED tray to deck with underside M2 nut,2.2,M2,7,10,insulating module tray,module edge/clamp fit pending,,,,,,
oled-2,323.65,168.65,-30,clip tray under removable deck,0,clips,2,none,insulating,module dimensions and tabs pending,,,,,,
speaker-1-1,24.0,143,-35,speaker cup to deck,2.2,M2,20,45,cup/pad insulating,depth and acoustic tuning pending,,,,,,
speaker-1-2,24.0,189,-35,speaker cup to deck,2.2,M2,20,45,cup/pad insulating,depth and acoustic tuning pending,,,,,,
speaker-2-1,269.0,143,-35,speaker cup to deck,2.2,M2,20,45,cup/pad insulating,depth and acoustic tuning pending,,,,,,
speaker-2-2,269.0,189,-35,speaker cup to deck,2.2,M2,20,45,cup/pad insulating,depth and acoustic tuning pending,,,,,,
left-lid-adapter-1,16,12,-39.3,steel plate to aluminum cross rail,3.2,M3,3,6,no panel contact,tap fit pending,,,,,,
left-lid-adapter-2,53,12,-39.3,steel plate to aluminum cross rail,3.2,M3,3,6,no panel contact,tap fit pending,,,,,,
left-hinge-lid-1,31.55,-4.15,-35.3,OEM bracket through sleeve to steel plate,3.3,M2,3.0,6.0,no panel contact,source seat and hole verified; physical fit pending,,,2.0,,,2.0
left-hinge-lid-2,25.55,-7.05,-35.3,OEM bracket through sleeve to steel plate,3.3,M2,3.0,6.0,no panel contact,source seat and hole verified; physical fit pending,,,2.0,,,2.0
left-hinge-lid-3,51.6,-9.55,-34.4,OEM bracket through sleeve to steel plate,1.9,M1.6,3.9000000000000004,7.0,no panel contact,source seat and hole verified; physical fit pending,,,2.1,,,3.0
right-lid-adapter-1,305,12,-39.3,steel plate to aluminum cross rail,3.2,M3,3,6,no panel contact,tap fit pending,,,,,,
right-lid-adapter-2,342,12,-39.3,steel plate to aluminum cross rail,3.2,M3,3,6,no panel contact,tap fit pending,,,,,,
right-hinge-lid-1,326.45,-4.15,-35.3,OEM bracket through sleeve to steel plate,3.3,M2,3.0,6.0,no panel contact,source seat and hole verified; physical fit pending,,,2.0,,,2.0
right-hinge-lid-2,332.45,-7.05,-35.3,OEM bracket through sleeve to steel plate,3.3,M2,3.0,6.0,no panel contact,source seat and hole verified; physical fit pending,,,2.0,,,2.0
right-hinge-lid-3,306.4,-9.55,-34.4,OEM bracket through sleeve to steel plate,1.9,M1.6,3.9000000000000004,7.0,no panel contact,source seat and hole verified; physical fit pending,,,2.1,,,3.0
bezel-1,0,30,-37.5,bezel to frame with shoulder stop,2.2,M2,4.0,4,soft gasket; hard stop bypasses LCD glass,panel flange and active-area margins pending,,,,,,
bezel-2,358,30,-37.5,bezel to frame with shoulder stop,2.2,M2,4.0,4,soft gasket; hard stop bypasses LCD glass,panel flange and active-area margins pending,,,,,,
bezel-3,0,133.5,-37.5,bezel to frame with shoulder stop,2.2,M2,4.0,4,soft gasket; hard stop bypasses LCD glass,panel flange and active-area margins pending,,,,,,
bezel-4,358,133.5,-37.5,bezel to frame with shoulder stop,2.2,M2,4.0,4,soft gasket; hard stop bypasses LCD glass,panel flange and active-area margins pending,,,,,,
bezel-5,0,237,-37.5,bezel to frame with shoulder stop,2.2,M2,4.0,4,soft gasket; hard stop bypasses LCD glass,panel flange and active-area margins pending,,,,,,
bezel-6,358,237,-37.5,bezel to frame with shoulder stop,2.2,M2,4.0,4,soft gasket; hard stop bypasses LCD glass,panel flange and active-area margins pending,,,,,,
lid-splice-1-4-4,173,49,-46.3,outer lid splice; tap lid holes after fit,2.2,M2,2,4,do not let tips reach panel,pilot transfer and depth stop required,,,,,,
lid-splice-1-16-4,185,49,-46.3,outer lid splice; tap lid holes after fit,2.2,M2,2,4,do not let tips reach panel,pilot transfer and depth stop required,,,,,,
lid-splice-1-4-16,173,61,-46.3,outer lid splice; tap lid holes after fit,2.2,M2,2,4,do not let tips reach panel,pilot transfer and depth stop required,,,,,,
lid-splice-1-16-16,185,61,-46.3,outer lid splice; tap lid holes after fit,2.2,M2,2,4,do not let tips reach panel,pilot transfer and depth stop required,,,,,,
lid-splice-2-4-4,173,194,-46.3,outer lid splice; tap lid holes after fit,2.2,M2,2,4,do not let tips reach panel,pilot transfer and depth stop required,,,,,,
lid-splice-2-16-4,185,194,-46.3,outer lid splice; tap lid holes after fit,2.2,M2,2,4,do not let tips reach panel,pilot transfer and depth stop required,,,,,,
lid-splice-2-4-16,173,206,-46.3,outer lid splice; tap lid holes after fit,2.2,M2,2,4,do not let tips reach panel,pilot transfer and depth stop required,,,,,,
lid-splice-2-16-16,185,206,-46.3,outer lid splice; tap lid holes after fit,2.2,M2,2,4,do not let tips reach panel,pilot transfer and depth stop required,,,,,,
lid-splice-3-4-4,24,114,-46.3,outer lid splice; tap lid holes after fit,2.2,M2,2,4,do not let tips reach panel,pilot transfer and depth stop required,,,,,,
lid-splice-3-16-4,36,114,-46.3,outer lid splice; tap lid holes after fit,2.2,M2,2,4,do not let tips reach panel,pilot transfer and depth stop required,,,,,,
lid-splice-3-4-16,24,126,-46.3,outer lid splice; tap lid holes after fit,2.2,M2,2,4,do not let tips reach panel,pilot transfer and depth stop required,,,,,,
lid-splice-3-16-16,36,126,-46.3,outer lid splice; tap lid holes after fit,2.2,M2,2,4,do not let tips reach panel,pilot transfer and depth stop required,,,,,,
lid-splice-4-4-4,322,114,-46.3,outer lid splice; tap lid holes after fit,2.2,M2,2,4,do not let tips reach panel,pilot transfer and depth stop required,,,,,,
lid-splice-4-16-4,334,114,-46.3,outer lid splice; tap lid holes after fit,2.2,M2,2,4,do not let tips reach panel,pilot transfer and depth stop required,,,,,,
lid-splice-4-4-16,322,126,-46.3,outer lid splice; tap lid holes after fit,2.2,M2,2,4,do not let tips reach panel,pilot transfer and depth stop required,,,,,,
lid-splice-4-16-16,334,126,-46.3,outer lid splice; tap lid holes after fit,2.2,M2,2,4,do not let tips reach panel,pilot transfer and depth stop required,,,,,,
cooling-cradle-1,117,47,-28.5,"blower cradle suspended from keyboard carrier, through-bolt and nuts",2.2,M2,9.5,15.0,insulating sleeves,"low-profile head, 1.5 mm nut engagement; trim to length to clear SW3; thermal test pending",,,,,,
cooling-cradle-2,172,47,-28.5,"blower cradle suspended from keyboard carrier, through-bolt and nuts",2.2,M2,9.5,15.0,insulating sleeves,"low-profile head, 1.5 mm nut engagement; trim to length to clear SW3; thermal test pending",,,,,,
cooling-cradle-3,117,102,-28.5,"blower cradle suspended from keyboard carrier, through-bolt and nuts",2.2,M2,9.5,15.0,insulating sleeves,"low-profile head, 1.5 mm nut engagement; trim to length to clear SW3; thermal test pending",,,,,,
cooling-cradle-4,172,102,-28.5,"blower cradle suspended from keyboard carrier, through-bolt and nuts",2.2,M2,9.5,15.0,insulating sleeves,"low-profile head, 1.5 mm nut engagement; trim to length to clear SW3; thermal test pending",,,,,,
Delta-blower-1,163.75,55.25,-15,"Delta BFB04512HHA-CZ0T through-bolt to cradle, washer and nut above",2.8,M2 chosen with washers,2,15,fan plastic frame; clear of PCB,"manufacturer 38.5 mm three-hole pattern, body-centering datum and sample fit pending",,,,4.5,1.5,
Delta-blower-2,163.75,93.75,-15,"Delta BFB04512HHA-CZ0T through-bolt to cradle, washer and nut above",2.8,M2 chosen with washers,2,15,fan plastic frame; clear of PCB,"manufacturer 38.5 mm three-hole pattern, body-centering datum and sample fit pending",,,,4.5,1.5,
Delta-blower-3,125.25,93.75,-15,"Delta BFB04512HHA-CZ0T through-bolt to cradle, washer and nut above",2.8,M2 chosen with washers,2,15,fan plastic frame; clear of PCB,"manufacturer 38.5 mm three-hole pattern, body-centering datum and sample fit pending",,,,4.5,1.5,
cable-clamp-1-58.5,58.5,-16,-6.4,soft-lined clamp to separate bracket,2.2,M2,3,6,insulating liner,bracket position and service loop fit pending,,,,,,
cable-clamp-1-67.5,67.5,-16,-6.4,soft-lined clamp to separate bracket,2.2,M2,3,6,insulating liner,bracket position and service loop fit pending,,,,,,
cable-clamp-1-pedestal,63,-16,-2.4,pedestal bonded to rear spine after cable fitting,0,none,1.0,adhesive,insulating,bond preparation and pull test pending,,,,,,
cable-clamp-2-88.5,88.5,-16,-6.4,soft-lined clamp to separate bracket,2.2,M2,3,6,insulating liner,bracket position and service loop fit pending,,,,,,
cable-clamp-2-97.5,97.5,-16,-6.4,soft-lined clamp to separate bracket,2.2,M2,3,6,insulating liner,bracket position and service loop fit pending,,,,,,
cable-clamp-2-pedestal,93,-16,-2.4,pedestal bonded to rear spine after cable fitting,0,none,1.0,adhesive,insulating,bond preparation and pull test pending,,,,,,
cable-clamp-3-103.5,103.5,139,-22,soft-lined clamp to separate bracket,2.2,M2,3,6,insulating liner,bracket position and service loop fit pending,,,,,,
cable-clamp-3-112.5,112.5,139,-22,soft-lined clamp to separate bracket,2.2,M2,3,6,insulating liner,bracket position and service loop fit pending,,,,,,
cable-clamp-4-263.5,263.5,112,-19,soft-lined clamp to separate bracket,2.2,M2,3,6,insulating liner,bracket position and service loop fit pending,,,,,,
cable-clamp-4-272.5,272.5,112,-19,soft-lined clamp to separate bracket,2.2,M2,3,6,insulating liner,bracket position and service loop fit pending,,,,,,
